#usda 1.0
(
    customLayerData = {
        string author = ""
        dictionary cameraSettings = {
            dictionary Front = {
                double3 position = (0, 0, 500)
                double radius = 5
            }
            dictionary Perspective = {
                double3 position = (395.84138586657275, 139.30135243225678, -430.7285852009548)
                double3 target = (26.973728272875803, 73.41928283059494, -78.48269928707884)
            }
            dictionary Right = {
                double3 position = (-500, 0, 0)
                double radius = 5
            }
            dictionary Top = {
                double3 position = (0, 500, 0)
                double radius = 5
            }
            string boundCamera = "/OmniverseKit_Persp"
        }
        string copyright = ""
        string generator = "fab-model-conversion"
        dictionary omni_layer = {
            string authoring_layer = "./tube1.usdc"
        }
        dictionary renderSettings = {
        }
        string title = ""
        string url = ""
    }
    defaultPrim = "test_tube_mutations"
    doc = """Generated from Composed Stage of root layer /home/paul/PycharmProjects/dapg/assets/labware/source/tube1.usdc
"""
    metersPerUnit = 0.01
    upAxis = "Y"
)

def Xform "test_tube_mutations" (
    assetInfo = {
        string name = "test_tube_mutations"
    }
    kind = "component"
)
{
    quatf xformOp:orient = (0.022487907, 0.9997471, 0, 0)
    float3 xformOp:scale = (1, 1, 1)
    double3 xformOp:translate = (0, 5.156719659348351, 0)
    uniform token[] xformOpOrder = ["xformOp:translate", "xformOp:orient", "xformOp:scale"]

    def Scope "Materials" (
    )
    {
        def Material "Phials_Named" (
        )
        {
            token outputs:surface.connect = </test_tube_mutations/Materials/Phials_Named/pbr_shader.outputs:surface>

            def Shader "pbr_shader" (
            )
            {
                uniform token info:id = "UsdPreviewSurface"
                color3f inputs:diffuseColor.connect = </test_tube_mutations/Materials/Phials_Named/tex_base.outputs:rgb>
                color3f inputs:emissiveColor.connect = </test_tube_mutations/Materials/Phials_Named/tex_emissive.outputs:rgb>
                float inputs:metallic.connect = </test_tube_mutations/Materials/Phials_Named/tex_metallic.outputs:r>
                normal3f inputs:normal.connect = </test_tube_mutations/Materials/Phials_Named/tex_normal.outputs:rgb>
                float inputs:occlusion = 1
                float inputs:opacity.connect = </test_tube_mutations/Materials/Phials_Named/tex_base.outputs:a>
                float inputs:roughness.connect = </test_tube_mutations/Materials/Phials_Named/tex_roughness.outputs:r>
                token outputs:surface
            }

            def Shader "uvset0" (
            )
            {
                uniform token info:id = "UsdPrimvarReader_float2"
                token inputs:varname = "st0"
                float2 outputs:result
            }

            def Shader "tex_base" (
            )
            {
                uniform token info:id = "UsdUVTexture"
                float4 inputs:fallback = (1, 1, 1, 1)
                asset inputs:file = @/home/paul/PycharmProjects/dapg/assets/labware/source/0/Phials_Named_baseColor.png@
                float2 inputs:st.connect = </test_tube_mutations/Materials/Phials_Named/uvset0.outputs:result>
                token inputs:wrapS = "repeat"
                token inputs:wrapT = "repeat"
                float outputs:a
                color3f outputs:rgb
            }

            def Shader "tex_metallic" (
            )
            {
                uniform token info:id = "UsdUVTexture"
                float4 inputs:fallback = (0, 0, 0, 1)
                asset inputs:file = @/home/paul/PycharmProjects/dapg/assets/labware/source/0/Phials_Named_metallicRoughness_metal_scale0.jpg@
                float2 inputs:st.connect = </test_tube_mutations/Materials/Phials_Named/uvset0.outputs:result>
                token inputs:wrapS = "repeat"
                token inputs:wrapT = "repeat"
                float outputs:r
            }

            def Shader "tex_roughness" (
            )
            {
                uniform token info:id = "UsdUVTexture"
                float4 inputs:fallback = (1, 0, 0, 1)
                asset inputs:file = @/home/paul/PycharmProjects/dapg/assets/labware/source/0/Phials_Named_metallicRoughness_rough.jpg@
                float2 inputs:st.connect = </test_tube_mutations/Materials/Phials_Named/uvset0.outputs:result>
                token inputs:wrapS = "repeat"
                token inputs:wrapT = "repeat"
                float outputs:r
            }

            def Shader "tex_normal" (
            )
            {
                uniform token info:id = "UsdUVTexture"
                float4 inputs:bias = (-1, -1, -1, -1)
                float4 inputs:fallback = (0, 0, 1, 1)
                asset inputs:file = @/home/paul/PycharmProjects/dapg/assets/labware/source/0/Phials_Named_normal.jpg@
                float4 inputs:scale = (2, 2, 2, 2)
                token inputs:sourceColorSpace = "raw"
                float2 inputs:st.connect = </test_tube_mutations/Materials/Phials_Named/uvset0.outputs:result>
                token inputs:wrapS = "repeat"
                token inputs:wrapT = "repeat"
                normal3f outputs:rgb
            }

            def Shader "tex_emissive" (
            )
            {
                uniform token info:id = "UsdUVTexture"
                float4 inputs:fallback = (0, 0, 0, 1)
                asset inputs:file = @/home/paul/PycharmProjects/dapg/assets/labware/source/0/Phials_Named_emissive.jpg@
                float2 inputs:st.connect = </test_tube_mutations/Materials/Phials_Named/uvset0.outputs:result>
                token inputs:wrapS = "repeat"
                token inputs:wrapT = "repeat"
                color3f outputs:rgb
            }
        }

        def Material "Phials_Blank" (
        )
        {
            token outputs:surface.connect = </test_tube_mutations/Materials/Phials_Blank/pbr_shader.outputs:surface>
            uniform token ui:nodegraph:node:expansionState = "open"

            def Shader "pbr_shader" (
            )
            {
                uniform token info:id = "UsdPreviewSurface"
                color3f inputs:diffuseColor.connect = </test_tube_mutations/Materials/Phials_Blank/tex_base.outputs:rgb>
                color3f inputs:emissiveColor = (0, 0, 0)
                float inputs:metallic.connect = </test_tube_mutations/Materials/Phials_Blank/tex_metallic.outputs:r>
                normal3f inputs:normal.connect = </test_tube_mutations/Materials/Phials_Blank/tex_normal.outputs:rgb>
                float inputs:occlusion = 1
                float inputs:opacity.connect = </test_tube_mutations/Materials/Phials_Blank/tex_base.outputs:a>
                float inputs:roughness.connect = </test_tube_mutations/Materials/Phials_Blank/tex_roughness.outputs:r>
                token outputs:surface
                uniform token ui:nodegraph:node:expansionState = "open"
            }

            def Shader "uvset0" (
            )
            {
                uniform token info:id = "UsdPrimvarReader_float2"
                token inputs:varname = "st0"
                float2 outputs:result
                uniform token ui:nodegraph:node:expansionState = "open"
            }

            def Shader "tex_base" (
            )
            {
                uniform token info:id = "UsdUVTexture"
                float4 inputs:fallback = (1, 1, 1, 1)
                asset inputs:file = @/home/paul/PycharmProjects/dapg/assets/labware/source/0/Phials_Blank_baseColor.png@
                float2 inputs:st.connect = </test_tube_mutations/Materials/Phials_Blank/uvset0.outputs:result>
                token inputs:wrapS = "repeat"
                token inputs:wrapT = "repeat"
                float outputs:a
                color3f outputs:rgb
                uniform token ui:nodegraph:node:expansionState = "open"
            }

            def Shader "tex_metallic" (
            )
            {
                uniform token info:id = "UsdUVTexture"
                float4 inputs:fallback = (0, 0, 0, 1)
                asset inputs:file = @/home/paul/PycharmProjects/dapg/assets/labware/source/0/Phials_Named_metallicRoughness_metal_scale1.jpg@
                float2 inputs:st.connect = </test_tube_mutations/Materials/Phials_Blank/uvset0.outputs:result>
                token inputs:wrapS = "repeat"
                token inputs:wrapT = "repeat"
                float outputs:r
                uniform token ui:nodegraph:node:expansionState = "open"
            }

            def Shader "tex_roughness" (
            )
            {
                uniform token info:id = "UsdUVTexture"
                float4 inputs:fallback = (1, 0, 0, 1)
                asset inputs:file = @/home/paul/PycharmProjects/dapg/assets/labware/source/0/Phials_Named_metallicRoughness_rough.jpg@
                float2 inputs:st.connect = </test_tube_mutations/Materials/Phials_Blank/uvset0.outputs:result>
                token inputs:wrapS = "repeat"
                token inputs:wrapT = "repeat"
                float outputs:r
                uniform token ui:nodegraph:node:expansionState = "open"
            }

            def Shader "tex_normal" (
            )
            {
                uniform token info:id = "UsdUVTexture"
                float4 inputs:bias = (-1, -1, -1, -1)
                float4 inputs:fallback = (0, 0, 1, 1)
                asset inputs:file = @/home/paul/PycharmProjects/dapg/assets/labware/source/0/Phials_Named_normal.jpg@
                float4 inputs:scale = (2, 2, 2, 2)
                token inputs:sourceColorSpace = "raw"
                float2 inputs:st.connect = </test_tube_mutations/Materials/Phials_Blank/uvset0.outputs:result>
                token inputs:wrapS = "repeat"
                token inputs:wrapT = "repeat"
                normal3f outputs:rgb
                uniform token ui:nodegraph:node:expansionState = "open"
            }
        }

        def Material "Rack" (
        )
        {
            token outputs:surface.connect = </test_tube_mutations/Materials/Rack/pbr_shader.outputs:surface>
            uniform token ui:nodegraph:node:expansionState = "open"

            def Shader "pbr_shader" (
            )
            {
                uniform token info:id = "UsdPreviewSurface"
                color3f inputs:diffuseColor.connect = </test_tube_mutations/Materials/Rack/tex_base.outputs:rgb>
                color3f inputs:emissiveColor = (0, 0, 0)
                float inputs:metallic.connect = </test_tube_mutations/Materials/Rack/tex_metallic.outputs:r>
                normal3f inputs:normal.connect = </test_tube_mutations/Materials/Rack/tex_normal.outputs:rgb>
                float inputs:occlusion = 1
                float inputs:roughness.connect = </test_tube_mutations/Materials/Rack/tex_roughness.outputs:r>
                token outputs:surface
                uniform token ui:nodegraph:node:expansionState = "open"
            }

            def Shader "uvset0" (
            )
            {
                uniform token info:id = "UsdPrimvarReader_float2"
                token inputs:varname = "st0"
                float2 outputs:result
                uniform token ui:nodegraph:node:expansionState = "open"
            }

            def Shader "tex_base" (
            )
            {
                uniform token info:id = "UsdUVTexture"
                float4 inputs:fallback = (1, 1, 1, 1)
                asset inputs:file = @/home/paul/PycharmProjects/dapg/assets/labware/source/0/Rack_baseColor.jpg@
                float2 inputs:st.connect = </test_tube_mutations/Materials/Rack/uvset0.outputs:result>
                token inputs:wrapS = "repeat"
                token inputs:wrapT = "repeat"
                float outputs:a
                color3f outputs:rgb
                uniform token ui:nodegraph:node:expansionState = "open"
            }

            def Shader "tex_metallic" (
            )
            {
                uniform token info:id = "UsdUVTexture"
                float4 inputs:fallback = (0, 0, 0, 1)
                asset inputs:file = @/home/paul/PycharmProjects/dapg/assets/labware/source/0/Rack_metallicRoughness_metal.jpg@
                float2 inputs:st.connect = </test_tube_mutations/Materials/Rack/uvset0.outputs:result>
                token inputs:wrapS = "repeat"
                token inputs:wrapT = "repeat"
                float outputs:r
                uniform token ui:nodegraph:node:expansionState = "open"
            }

            def Shader "tex_roughness" (
            )
            {
                uniform token info:id = "UsdUVTexture"
                float4 inputs:fallback = (1, 0, 0, 1)
                asset inputs:file = @/home/paul/PycharmProjects/dapg/assets/labware/source/0/Rack_metallicRoughness_rough.jpg@
                float2 inputs:st.connect = </test_tube_mutations/Materials/Rack/uvset0.outputs:result>
                token inputs:wrapS = "repeat"
                token inputs:wrapT = "repeat"
                float outputs:r
                uniform token ui:nodegraph:node:expansionState = "open"
            }

            def Shader "tex_normal" (
            )
            {
                uniform token info:id = "UsdUVTexture"
                float4 inputs:bias = (-1, -1, -1, -1)
                float4 inputs:fallback = (0, 0, 1, 1)
                asset inputs:file = @/home/paul/PycharmProjects/dapg/assets/labware/source/0/Rack_normal.jpg@
                float4 inputs:scale = (2, 2, 2, 2)
                token inputs:sourceColorSpace = "raw"
                float2 inputs:st.connect = </test_tube_mutations/Materials/Rack/uvset0.outputs:result>
                token inputs:wrapS = "repeat"
                token inputs:wrapT = "repeat"
                normal3f outputs:rgb
                uniform token ui:nodegraph:node:expansionState = "open"
            }
        }

        def Material "phials_blank_paul" (
        )
        {
            token outputs:surface.connect = </test_tube_mutations/Materials/phials_blank_paul/pbr_shader_01.outputs:surface>
            custom uniform bool paused = 0 (
                customData = {
                    bool nonpersistant = 1
                }
                hidden = true
            )
            uniform token ui:nodegraph:node:expansionState = "open"

            def Shader "pbr_shader" (
            )
            {
                uniform token info:id = "UsdPreviewSurface"
                color3f inputs:diffuseColor.connect = </test_tube_mutations/Materials/phials_blank_paul/tex_base.outputs:rgb>
                color3f inputs:emissiveColor = (0, 0, 0)
                float inputs:metallic.connect = </test_tube_mutations/Materials/phials_blank_paul/tex_metallic.outputs:r>
                normal3f inputs:normal.connect = </test_tube_mutations/Materials/phials_blank_paul/tex_normal.outputs:rgb>
                float inputs:occlusion = 1
                float inputs:roughness.connect = </test_tube_mutations/Materials/phials_blank_paul/tex_roughness.outputs:r>
                token outputs:surface
                uniform token ui:nodegraph:node:expansionState = "open"
            }

            def Shader "uvset0" (
            )
            {
                uniform token info:id = "UsdPrimvarReader_float2"
                token inputs:varname = "st0"
                float2 outputs:result
                uniform token ui:nodegraph:node:expansionState = "open"
            }

            def Shader "tex_base" (
            )
            {
                uniform token info:id = "UsdUVTexture"
                float4 inputs:fallback = (1, 1, 1, 1)
                asset inputs:file = @file:/home/paul/Downloads/test_tube_mutations/0/Rack_baseColor.jpg@
                float2 inputs:st.connect = </test_tube_mutations/Materials/phials_blank_paul/uvset0.outputs:result>
                token inputs:wrapS = "repeat"
                token inputs:wrapT = "repeat"
                float outputs:a
                color3f outputs:rgb
                uniform token ui:nodegraph:node:expansionState = "open"
            }

            def Shader "tex_metallic" (
            )
            {
                uniform token info:id = "UsdUVTexture"
                float4 inputs:fallback = (0, 0, 0, 1)
                asset inputs:file = @file:/home/paul/Downloads/test_tube_mutations/0/Rack_metallicRoughness_metal.jpg@
                float2 inputs:st.connect = </test_tube_mutations/Materials/phials_blank_paul/uvset0.outputs:result>
                token inputs:wrapS = "repeat"
                token inputs:wrapT = "repeat"
                float outputs:r
                uniform token ui:nodegraph:node:expansionState = "open"
            }

            def Shader "tex_roughness" (
            )
            {
                uniform token info:id = "UsdUVTexture"
                float4 inputs:fallback = (1, 0, 0, 1)
                asset inputs:file = @file:/home/paul/Downloads/test_tube_mutations/0/Rack_metallicRoughness_rough.jpg@
                float2 inputs:st.connect = </test_tube_mutations/Materials/phials_blank_paul/uvset0.outputs:result>
                token inputs:wrapS = "repeat"
                token inputs:wrapT = "repeat"
                float outputs:r
                uniform token ui:nodegraph:node:expansionState = "open"
            }

            def Shader "tex_normal" (
            )
            {
                uniform token info:id = "UsdUVTexture"
                float4 inputs:bias = (-1, -1, -1, -1)
                float4 inputs:fallback = (0, 0, 1, 1)
                asset inputs:file = @file:/home/paul/Downloads/test_tube_mutations/0/Rack_normal.jpg@
                float4 inputs:scale = (2, 2, 2, 2)
                token inputs:sourceColorSpace = "raw"
                float2 inputs:st.connect = </test_tube_mutations/Materials/phials_blank_paul/uvset0.outputs:result>
                token inputs:wrapS = "repeat"
                token inputs:wrapT = "repeat"
                normal3f outputs:rgb
                uniform token ui:nodegraph:node:expansionState = "open"
            }

            def Shader "pbr_shader_01" (
            )
            {
                uniform token info:id = "UsdPreviewSurface"
                color3f inputs:diffuseColor.connect = </test_tube_mutations/Materials/phials_blank_paul/tex_base_01.outputs:rgb>
                color3f inputs:emissiveColor = (0, 0, 0)
                float inputs:metallic.connect = </test_tube_mutations/Materials/phials_blank_paul/tex_metallic_01.outputs:r>
                normal3f inputs:normal.connect = </test_tube_mutations/Materials/phials_blank_paul/tex_normal_01.outputs:rgb>
                float inputs:occlusion = 1
                float inputs:opacity
                float inputs:roughness.connect = </test_tube_mutations/Materials/phials_blank_paul/tex_roughness_01.outputs:r>
                token outputs:surface
                uniform token ui:nodegraph:node:expansionState = "open"
                uniform float2 ui:nodegraph:node:pos = (-375.7906, 606.2772)
            }

            def Shader "tex_base_01" (
            )
            {
                uniform token info:id = "UsdUVTexture"
                float4 inputs:fallback = (1, 1, 1, 1)
                asset inputs:file = @file:/home/paul/Downloads/test_tube_mutations/0/Phials_Blank_baseColor.png@
                float2 inputs:st.connect = </test_tube_mutations/Materials/phials_blank_paul/uvset0_01.outputs:result>
                token inputs:wrapS = "repeat"
                token inputs:wrapT = "repeat"
                float outputs:a
                color3f outputs:rgb
                uniform token ui:nodegraph:node:expansionState = "open"
                uniform float2 ui:nodegraph:node:pos = (-726.80286, 811.3812)
            }

            def Shader "tex_metallic_01" (
            )
            {
                uniform token info:id = "UsdUVTexture"
                float4 inputs:fallback = (0, 0, 0, 1)
                asset inputs:file = @file:/home/paul/Downloads/test_tube_mutations/0/Phials_Named_metallicRoughness_metal_scale1.jpg@
                float2 inputs:st.connect = </test_tube_mutations/Materials/phials_blank_paul/uvset0_01.outputs:result>
                token inputs:wrapS = "repeat"
                token inputs:wrapT = "repeat"
                float outputs:r
                uniform token ui:nodegraph:node:expansionState = "open"
                uniform float2 ui:nodegraph:node:pos = (-726.80286, 1582.3812)
            }

            def Shader "tex_normal_01" (
            )
            {
                uniform token info:id = "UsdUVTexture"
                float4 inputs:bias = (-1, -1, -1, -1)
                float4 inputs:fallback = (0, 0, 1, 1)
                asset inputs:file = @file:/home/paul/Downloads/test_tube_mutations/0/Phials_Named_normal.jpg@
                float4 inputs:scale = (2, 2, 2, 2)
                token inputs:sourceColorSpace = "raw"
                float2 inputs:st.connect = </test_tube_mutations/Materials/phials_blank_paul/uvset0_01.outputs:result>
                token inputs:wrapS = "repeat"
                token inputs:wrapT = "repeat"
                normal3f outputs:rgb
                uniform token ui:nodegraph:node:expansionState = "open"
                uniform float2 ui:nodegraph:node:pos = (-726.80286, 1864.3812)
            }

            def Shader "tex_roughness_01" (
            )
            {
                uniform token info:id = "UsdUVTexture"
                float4 inputs:fallback = (1, 0, 0, 1)
                asset inputs:file = @file:/home/paul/Downloads/test_tube_mutations/0/Phials_Named_metallicRoughness_rough.jpg@
                float2 inputs:st.connect = </test_tube_mutations/Materials/phials_blank_paul/uvset0_01.outputs:result>
                token inputs:wrapS = "repeat"
                token inputs:wrapT = "repeat"
                float outputs:r
                uniform token ui:nodegraph:node:expansionState = "open"
                uniform float2 ui:nodegraph:node:pos = (-726.80286, 1330.3812)
            }

            def Shader "uvset0_01" (
            )
            {
                uniform token info:id = "UsdPrimvarReader_float2"
                token inputs:varname = "st0"
                float2 outputs:result
                uniform token ui:nodegraph:node:expansionState = "open"
                uniform float2 ui:nodegraph:node:pos = (-1118.8029, 1667.3812)
            }
        }

        def Material "phials_named_paul" (
        )
        {
            token outputs:surface.connect = </test_tube_mutations/Materials/phials_named_paul/pbr_shader.outputs:surface>
            custom uniform bool paused = 0 (
                customData = {
                    bool nonpersistant = 1
                }
                hidden = true
            )
            uniform token ui:nodegraph:node:expansionState = "open"

            def Shader "pbr_shader" (
            )
            {
                uniform token info:id = "UsdPreviewSurface"
                color3f inputs:diffuseColor.connect = </test_tube_mutations/Materials/phials_named_paul/tex_base.outputs:rgb>
                color3f inputs:emissiveColor = (0, 0, 0)
                float inputs:metallic.connect = </test_tube_mutations/Materials/phials_named_paul/tex_metallic.outputs:r>
                normal3f inputs:normal.connect = </test_tube_mutations/Materials/phials_named_paul/tex_normal.outputs:rgb>
                float inputs:occlusion = 1
                float inputs:roughness.connect = </test_tube_mutations/Materials/phials_named_paul/tex_roughness.outputs:r>
                token outputs:surface
                uniform token ui:nodegraph:node:expansionState = "open"
            }

            def Shader "uvset0" (
            )
            {
                uniform token info:id = "UsdPrimvarReader_float2"
                token inputs:varname = "st0"
                float2 outputs:result
                uniform token ui:nodegraph:node:expansionState = "open"
            }

            def Shader "tex_base" (
            )
            {
                uniform token info:id = "UsdUVTexture"
                float4 inputs:fallback = (1, 1, 1, 1)
                asset inputs:file = @file:/home/paul/Downloads/test_tube_mutations/0/Rack_baseColor.jpg@
                float2 inputs:st.connect = </test_tube_mutations/Materials/phials_named_paul/uvset0.outputs:result>
                token inputs:wrapS = "repeat"
                token inputs:wrapT = "repeat"
                float outputs:a
                color3f outputs:rgb
                uniform token ui:nodegraph:node:expansionState = "open"
            }

            def Shader "tex_metallic" (
            )
            {
                uniform token info:id = "UsdUVTexture"
                float4 inputs:fallback = (0, 0, 0, 1)
                asset inputs:file = @file:/home/paul/Downloads/test_tube_mutations/0/Rack_metallicRoughness_metal.jpg@
                float2 inputs:st.connect = </test_tube_mutations/Materials/phials_named_paul/uvset0.outputs:result>
                token inputs:wrapS = "repeat"
                token inputs:wrapT = "repeat"
                float outputs:r
                uniform token ui:nodegraph:node:expansionState = "open"
            }

            def Shader "tex_roughness" (
            )
            {
                uniform token info:id = "UsdUVTexture"
                float4 inputs:fallback = (1, 0, 0, 1)
                asset inputs:file = @file:/home/paul/Downloads/test_tube_mutations/0/Rack_metallicRoughness_rough.jpg@
                float2 inputs:st.connect = </test_tube_mutations/Materials/phials_named_paul/uvset0.outputs:result>
                token inputs:wrapS = "repeat"
                token inputs:wrapT = "repeat"
                float outputs:r
                uniform token ui:nodegraph:node:expansionState = "open"
            }

            def Shader "tex_normal" (
            )
            {
                uniform token info:id = "UsdUVTexture"
                float4 inputs:bias = (-1, -1, -1, -1)
                float4 inputs:fallback = (0, 0, 1, 1)
                asset inputs:file = @file:/home/paul/Downloads/test_tube_mutations/0/Rack_normal.jpg@
                float4 inputs:scale = (2, 2, 2, 2)
                token inputs:sourceColorSpace = "raw"
                float2 inputs:st.connect = </test_tube_mutations/Materials/phials_named_paul/uvset0.outputs:result>
                token inputs:wrapS = "repeat"
                token inputs:wrapT = "repeat"
                normal3f outputs:rgb
                uniform token ui:nodegraph:node:expansionState = "open"
            }
        }
    }

    def Xform "Meshes" (
    )
    {
        quatf xformOp:orient = (-0.68084437, -0.7324281, 0, 0)
        float3 xformOp:scale = (100, 100, 100)
        double3 xformOp:translate = (0, 0, 0)
        uniform token[] xformOpOrder = ["xformOp:translate", "xformOp:orient", "xformOp:scale"]

        def Xform "Sketchfab_model" (
        )
        {
            matrix4d xformOp:transform = ( (1, 0, 0, 0), (0, 2.220446049250313e-16, -1, 0), (0, 1, 2.220446049250313e-16, 0), (0, 0, 0, 1) )
            uniform token[] xformOpOrder = ["xformOp:transform"]

            def Xform "d960c368a66d420aa4937dd8b0ecbb31_fbx" (
            )
            {
                matrix4d xformOp:transform = ( (0.009999999776482582, 0, 0, 0), (0, 0, 0.009999999776482582, 0), (0, -0.009999999776482582, 0, 0), (0, 0, 0, 1) )
                uniform token[] xformOpOrder = ["xformOp:transform"]

                def Xform "RootNode" (
                )
                {
                    matrix4d xformOp:transform = ( (1, 0, 0, 0), (0, 1, 0, 0), (0, 0, 1, 0), (0, 0, 0, 1) )
                    uniform token[] xformOpOrder = ["xformOp:transform"]

                    def Xform "Phial_Telepathy" (
                    )
                    {
                        matrix4d xformOp:transform = ( (100, 0, 0, 0), (0, -0.000016292067805956595, -100, 0), (0, 100, -0.000016292067805956595, 0), (59.53762435913086, 76.38998272834131, 17.62807607633604, 1) )
                        uniform token[] xformOpOrder = ["xformOp:transform"]

                        def Xform "Phial_Telepathy_Phials_Named_0" (
                        )
                        {
                            matrix4d xformOp:transform = ( (1, 0, 0, 0), (0, 1, 0, 0), (0, 0, 1, 0), (0, 0, 0, 1) )
                            uniform token[] xformOpOrder = ["xformOp:transform"]

                            def Mesh "Phial_Telepathy_Phials_Named_0" (
                            )
                            {
                                uniform bool doubleSided = 1
                                float3[] extent = [(-0.08384444, -0.084506094, -0.1449108), (0.083783045, 0.08482028, 0.67781854)]
                                int[] faceVertexCounts = [3, 3, 3, 3, 3, 3, 3, 3, 3, 3, 3, 3, 3, 3, 3, 3, 3, 3, 3, 3, 3, 3, 3, 3, 3, 3, 3, 3, 3, 3, 3, 3, 3, 3, 3, 3, 3, 3, 3, 3, 3, 3, 3, 3, 3, 3, 3, 3, 3, 3, 3, 3, 3, 3, 3, 3, 3, 3, 3, 3, 3, 3, 3, 3, 3, 3, 3, 3, 3, 3, 3, 3, 3, 3, 3, 3, 3, 3, 3, 3, 3, 3, 3, 3, 3, 3, 3, 3, 3, 3, 3, 3, 3, 3, 3, 3, 3, 3, 3, 3, 3, 3, 3, 3, 3, 3, 3, 3, 3, 3, 3, 3, 3, 3, 3, 3, 3, 3, 3, 3, 3, 3, 3, 3, 3, 3, 3, 3, 3, 3, 3, 3, 3, 3, 3, 3, 3, 3, 3, 3, 3, 3, 3, 3, 3, 3, 3, 3, 3, 3, 3, 3, 3, 3, 3, 3, 3, 3, 3, 3, 3, 3, 3, 3, 3, 3, 3, 3, 3, 3, 3, 3, 3, 3, 3, 3, 3, 3, 3, 3, 3, 3, 3, 3, 3, 3, 3, 3, 3, 3, 3, 3, 3, 3, 3, 3, 3, 3, 3, 3, 3, 3, 3, 3, 3, 3, 3, 3, 3, 3, 3, 3, 3, 3, 3, 3, 3, 3, 3, 3, 3, 3, 3, 3, 3, 3, 3, 3, 3, 3, 3, 3, 3, 3, 3, 3, 3, 3, 3, 3, 3, 3, 3, 3, 3, 3, 3, 3, 3, 3, 3, 3, 3, 3, 3, 3, 3, 3, 3, 3, 3, 3, 3, 3, 3, 3, 3, 3, 3, 3, 3, 3, 3, 3, 3, 3, 3, 3, 3, 3, 3, 3, 3, 3, 3, 3, 3, 3, 3, 3, 3, 3, 3, 3, 3, 3, 3, 3, 3, 3, 3, 3, 3, 3, 3, 3, 3, 3, 3, 3, 3, 3, 3, 3, 3, 3, 3, 3, 3, 3, 3, 3, 3, 3, 3, 3, 3, 3, 3, 3, 3, 3, 3, 3, 3, 3, 3, 3, 3, 3, 3, 3, 3, 3, 3, 3, 3, 3, 3, 3, 3, 3, 3, 3, 3, 3, 3, 3, 3, 3, 3, 3, 3, 3, 3, 3, 3, 3, 3, 3, 3, 3, 3, 3, 3, 3, 3, 3, 3, 3, 3, 3, 3, 3, 3, 3, 3, 3, 3, 3, 3, 3, 3, 3, 3, 3, 3, 3, 3, 3, 3, 3, 3, 3, 3, 3, 3, 3, 3, 3, 3, 3, 3, 3, 3, 3, 3, 3, 3, 3, 3, 3, 3, 3, 3, 3, 3, 3, 3, 3, 3, 3, 3, 3, 3, 3, 3, 3, 3, 3, 3, 3, 3, 3, 3, 3, 3, 3, 3, 3, 3, 3, 3, 3, 3, 3, 3, 3, 3, 3, 3, 3, 3, 3, 3, 3, 3, 3, 3, 3, 3, 3, 3, 3, 3, 3, 3, 3, 3, 3, 3, 3, 3, 3, 3, 3, 3, 3, 3, 3, 3, 3, 3, 3, 3, 3, 3, 3, 3, 3, 3, 3, 3, 3, 3, 3, 3, 3, 3, 3, 3, 3, 3, 3, 3, 3, 3, 3, 3, 3, 3, 3, 3, 3, 3, 3, 3, 3, 3, 3, 3, 3, 3, 3, 3, 3, 3, 3, 3, 3, 3, 3, 3, 3, 3, 3, 3, 3, 3, 3, 3, 3, 3, 3, 3, 3, 3, 3, 3, 3, 3, 3, 3, 3, 3, 3, 3, 3, 3, 3, 3, 3, 3, 3, 3, 3, 3, 3, 3, 3, 3, 3, 3, 3, 3, 3, 3, 3, 3, 3, 3, 3, 3, 3, 3, 3, 3, 3, 3, 3, 3, 3, 3, 3, 3, 3, 3, 3, 3, 3, 3, 3, 3, 3, 3, 3, 3, 3, 3, 3, 3, 3, 3, 3, 3, 3, 3, 3, 3, 3, 3, 3, 3, 3, 3, 3, 3, 3, 3, 3, 3, 3, 3, 3, 3, 3, 3, 3, 3, 3, 3, 3, 3, 3, 3, 3, 3, 3, 3, 3, 3, 3, 3, 3, 3, 3, 3, 3, 3, 3, 3, 3, 3, 3, 3, 3, 3, 3, 3, 3, 3, 3, 3, 3, 3, 3, 3, 3, 3, 3, 3, 3, 3, 3, 3, 3, 3, 3, 3, 3, 3, 3, 3, 3, 3, 3, 3, 3, 3, 3, 3, 3, 3, 3, 3, 3, 3, 3, 3, 3, 3, 3, 3, 3, 3, 3, 3, 3, 3, 3, 3, 3, 3, 3, 3, 3, 3, 3, 3, 3, 3, 3, 3, 3, 3, 3, 3, 3, 3, 3, 3, 3, 3, 3, 3, 3, 3, 3, 3, 3, 3, 3, 3, 3, 3, 3, 3, 3, 3, 3, 3, 3, 3, 3, 3, 3, 3, 3, 3, 3, 3, 3, 3, 3, 3, 3, 3, 3, 3, 3, 3, 3, 3, 3, 3, 3, 3, 3, 3, 3, 3, 3, 3, 3, 3, 3, 3, 3, 3, 3, 3, 3, 3, 3, 3, 3, 3, 3, 3, 3, 3, 3, 3, 3, 3, 3, 3, 3, 3, 3, 3, 3, 3, 3, 3, 3, 3, 3, 3, 3, 3, 3, 3, 3, 3, 3, 3, 3, 3, 3, 3, 3, 3, 3, 3, 3, 3, 3, 3, 3, 3, 3, 3, 3, 3, 3, 3, 3, 3, 3, 3, 3, 3, 3, 3, 3, 3, 3, 3, 3, 3, 3, 3, 3, 3, 3, 3, 3, 3, 3, 3, 3, 3, 3, 3, 3, 3, 3, 3, 3, 3, 3, 3, 3, 3, 3, 3, 3, 3, 3, 3, 3, 3, 3, 3, 3, 3, 3, 3, 3, 3, 3, 3, 3, 3, 3, 3, 3, 3, 3, 3, 3, 3, 3, 3, 3, 3, 3, 3, 3, 3, 3, 3, 3, 3, 3, 3, 3, 3, 3, 3, 3, 3, 3, 3, 3, 3, 3, 3, 3, 3, 3, 3, 3, 3, 3, 3, 3, 3, 3, 3, 3, 3, 3, 3, 3, 3, 3, 3, 3, 3, 3, 3, 3, 3, 3, 3, 3, 3, 3, 3, 3, 3, 3, 3, 3, 3, 3, 3, 3, 3, 3, 3, 3, 3, 3, 3, 3, 3, 3, 3, 3, 3, 3, 3, 3, 3, 3, 3, 3, 3, 3, 3, 3, 3, 3, 3, 3, 3, 3, 3, 3, 3, 3, 3, 3, 3, 3, 3, 3, 3, 3, 3, 3, 3, 3, 3, 3, 3, 3, 3, 3, 3, 3, 3, 3, 3, 3, 3, 3, 3, 3, 3, 3, 3, 3, 3, 3, 3, 3, 3, 3, 3, 3, 3, 3, 3, 3, 3, 3]
                                int[] faceVertexIndices = [0, 1, 2, 0, 2, 3, 4, 5, 6, 4, 6, 7, 7, 6, 8, 7, 8, 9, 9, 8, 10, 9, 10, 11, 11, 10, 12, 11, 12, 13, 13, 12, 14, 13, 14, 15, 15, 14, 16, 15, 16, 17, 17, 16, 18, 17, 18, 19, 19, 18, 20, 19, 20, 21, 21, 20, 22, 21, 22, 23, 23, 22, 24, 23, 24, 25, 25, 24, 26, 25, 26, 27, 27, 26, 1, 27, 1, 0, 28, 29, 30, 28, 30, 31, 32, 33, 34, 32, 34, 35, 35, 34, 5, 35, 5, 4, 36, 37, 38, 36, 38, 39, 40, 41, 42, 40, 42, 43, 39, 38, 33, 39, 33, 32, 44, 45, 46, 44, 46, 47, 48, 49, 50, 48, 50, 51, 52, 48, 51, 52, 51, 53, 54, 52, 53, 54, 53, 55, 56, 54, 55, 56, 55, 57, 58, 56, 57, 58, 57, 59, 60, 58, 59, 60, 59, 61, 62, 60, 61, 62, 61, 63, 41, 62, 63, 41, 63, 42, 64, 40, 43, 64, 43, 65, 66, 64, 65, 66, 65, 67, 68, 66, 67, 68, 67, 69, 70, 68, 69, 70, 69, 71, 72, 70, 71, 72, 71, 73, 45, 72, 73, 45, 73, 46, 74, 75, 37, 74, 37, 36, 49, 76, 77, 49, 77, 50, 78, 79, 80, 78, 80, 81, 82, 78, 81, 82, 81, 83, 84, 85, 86, 84, 86, 87, 87, 86, 88, 87, 88, 89, 89, 88, 90, 89, 90, 91, 92, 84, 87, 92, 87, 93, 93, 87, 89, 93, 89, 94, 94, 89, 91, 94, 91, 95, 96, 92, 93, 96, 93, 97, 97, 93, 94, 97, 94, 98, 98, 94, 95, 98, 95, 99, 100, 96, 97, 100, 97, 101, 101, 97, 98, 101, 98, 102, 102, 98, 99, 102, 99, 103, 104, 100, 101, 104, 101, 105, 105, 101, 102, 105, 102, 106, 106, 102, 103, 106, 103, 107, 108, 104, 105, 108, 105, 109, 109, 105, 106, 109, 106, 110, 110, 106, 107, 110, 107, 82, 111, 108, 109, 111, 109, 112, 112, 109, 110, 112, 110, 113, 113, 110, 82, 113, 82, 83, 114, 111, 112, 114, 112, 115, 115, 112, 113, 115, 113, 116, 116, 113, 83, 116, 83, 81, 117, 114, 115, 117, 115, 118, 118, 115, 116, 118, 116, 119, 119, 116, 81, 119, 81, 80, 120, 117, 118, 120, 118, 121, 121, 118, 119, 121, 119, 122, 122, 119, 80, 122, 80, 123, 124, 120, 121, 124, 121, 125, 125, 121, 122, 125, 122, 126, 126, 122, 123, 126, 123, 127, 128, 124, 125, 128, 125, 129, 129, 125, 126, 129, 126, 130, 130, 126, 127, 130, 127, 131, 132, 128, 129, 132, 129, 133, 133, 129, 130, 133, 130, 134, 134, 130, 131, 134, 131, 135, 136, 132, 133, 136, 133, 137, 137, 133, 134, 137, 134, 138, 138, 134, 135, 138, 135, 139, 140, 136, 137, 140, 137, 141, 141, 137, 138, 141, 138, 142, 142, 138, 139, 142, 139, 143, 144, 140, 141, 144, 141, 145, 145, 141, 142, 145, 142, 146, 146, 142, 143, 146, 143, 147, 148, 144, 145, 148, 145, 149, 149, 145, 146, 149, 146, 150, 150, 146, 147, 150, 147, 151, 85, 148, 149, 85, 149, 86, 86, 149, 150, 86, 150, 88, 88, 150, 151, 88, 151, 90, 79, 152, 123, 79, 123, 80, 152, 131, 127, 152, 127, 123, 107, 153, 78, 107, 78, 82, 153, 154, 79, 153, 79, 78, 154, 155, 152, 154, 152, 79, 155, 135, 131, 155, 131, 152, 103, 156, 153, 103, 153, 107, 156, 157, 154, 156, 154, 153, 157, 158, 155, 157, 155, 154, 158, 139, 135, 158, 135, 155, 99, 159, 156, 99, 156, 103, 159, 160, 157, 159, 157, 156, 160, 161, 158, 160, 158, 157, 161, 143, 139, 161, 139, 158, 95, 91, 159, 95, 159, 99, 91, 90, 160, 91, 160, 159, 90, 151, 161, 90, 161, 160, 151, 147, 143, 151, 143, 161, 162, 163, 164, 162, 164, 165, 165, 164, 166, 165, 166, 167, 167, 166, 31, 167, 31, 30, 163, 168, 169, 163, 169, 164, 164, 169, 170, 164, 170, 166, 166, 170, 171, 166, 171, 31, 168, 172, 173, 168, 173, 169, 169, 173, 174, 169, 174, 170, 170, 174, 175, 170, 175, 171, 172, 176, 177, 172, 177, 173, 173, 177, 178, 173, 178, 174, 174, 178, 179, 174, 179, 175, 176, 180, 181, 176, 181, 177, 177, 181, 182, 177, 182, 178, 178, 182, 183, 178, 183, 179, 180, 184, 185, 180, 185, 181, 181, 185, 186, 181, 186, 182, 182, 186, 187, 182, 187, 183, 184, 188, 189, 184, 189, 185, 185, 189, 190, 185, 190, 186, 186, 190, 191, 186, 191, 187, 188, 192, 193, 188, 193, 189, 189, 193, 194, 189, 194, 190, 190, 194, 195, 190, 195, 191, 192, 196, 197, 192, 197, 193, 193, 197, 198, 193, 198, 194, 194, 198, 199, 194, 199, 195, 196, 200, 201, 196, 201, 197, 197, 201, 202, 197, 202, 198, 198, 202, 203, 198, 203, 199, 200, 204, 205, 200, 205, 201, 201, 205, 206, 201, 206, 202, 202, 206, 207, 202, 207, 203, 204, 208, 209, 204, 209, 205, 205, 209, 210, 205, 210, 206, 206, 210, 211, 206, 211, 207, 208, 212, 213, 208, 213, 209, 209, 213, 214, 209, 214, 210, 210, 214, 215, 210, 215, 211, 212, 216, 217, 212, 217, 213, 213, 217, 218, 213, 218, 214, 214, 218, 219, 214, 219, 215, 216, 220, 221, 216, 221, 217, 217, 221, 222, 217, 222, 218, 218, 222, 223, 218, 223, 219, 220, 224, 225, 220, 225, 221, 221, 225, 226, 221, 226, 222, 222, 226, 227, 222, 227, 223, 224, 228, 229, 224, 229, 225, 225, 229, 230, 225, 230, 226, 226, 230, 231, 226, 231, 227, 228, 162, 165, 228, 165, 229, 229, 165, 167, 229, 167, 230, 230, 167, 30, 230, 30, 231, 175, 28, 31, 175, 31, 171, 29, 232, 231, 29, 231, 30, 232, 223, 227, 232, 227, 231, 179, 233, 28, 179, 28, 175, 233, 234, 29, 233, 29, 28, 234, 235, 232, 234, 232, 29, 235, 219, 223, 235, 223, 232, 183, 236, 233, 183, 233, 179, 236, 237, 234, 236, 234, 233, 237, 238, 235, 237, 235, 234, 238, 215, 219, 238, 219, 235, 187, 239, 236, 187, 236, 183, 239, 240, 237, 239, 237, 236, 240, 241, 238, 240, 238, 237, 241, 211, 215, 241, 215, 238, 191, 195, 239, 191, 239, 187, 195, 199, 240, 195, 240, 239, 199, 203, 241, 199, 241, 240, 203, 207, 211, 203, 211, 241, 242, 243, 244, 242, 244, 245, 245, 244, 246, 245, 246, 247, 247, 246, 248, 247, 248, 249, 249, 248, 250, 249, 250, 251, 251, 250, 252, 251, 252, 253, 253, 252, 254, 253, 254, 255, 255, 254, 256, 255, 256, 257, 257, 256, 258, 257, 258, 259, 259, 258, 260, 259, 260, 261, 261, 260, 262, 261, 262, 263, 263, 262, 264, 263, 264, 265, 265, 264, 266, 265, 266, 267, 267, 266, 268, 267, 268, 269, 269, 268, 270, 269, 270, 271, 271, 270, 272, 271, 272, 273, 273, 272, 274, 273, 274, 275, 275, 274, 276, 275, 276, 277, 277, 276, 278, 277, 278, 279, 76, 280, 281, 76, 281, 77, 282, 283, 284, 282, 284, 285, 286, 287, 288, 286, 288, 289, 290, 291, 292, 290, 292, 293, 294, 295, 291, 294, 291, 290, 296, 297, 295, 296, 295, 294, 298, 299, 297, 298, 297, 296, 300, 301, 299, 300, 299, 298, 302, 303, 301, 302, 301, 300, 304, 305, 303, 304, 303, 302, 285, 284, 305, 285, 305, 304, 306, 307, 283, 306, 283, 282, 308, 309, 307, 308, 307, 306, 310, 311, 309, 310, 309, 308, 312, 313, 311, 312, 311, 310, 314, 315, 313, 314, 313, 312, 289, 288, 315, 289, 315, 314, 316, 317, 318, 316, 318, 319, 320, 321, 317, 320, 317, 316, 322, 323, 324, 322, 324, 325, 323, 326, 327, 323, 327, 324, 326, 328, 329, 326, 329, 327, 330, 331, 323, 330, 323, 322, 331, 332, 326, 331, 326, 323, 332, 333, 328, 332, 328, 326, 334, 335, 331, 334, 331, 330, 335, 336, 332, 335, 332, 331, 336, 337, 333, 336, 333, 332, 338, 339, 335, 338, 335, 334, 339, 340, 336, 339, 336, 335, 340, 341, 337, 340, 337, 336, 342, 343, 339, 342, 339, 338, 343, 344, 340, 343, 340, 339, 344, 345, 341, 344, 341, 340, 346, 347, 343, 346, 343, 342, 347, 348, 344, 347, 344, 343, 348, 320, 345, 348, 345, 344, 349, 350, 347, 349, 347, 346, 350, 351, 348, 350, 348, 347, 351, 321, 320, 351, 320, 348, 352, 353, 350, 352, 350, 349, 353, 354, 351, 353, 351, 350, 354, 317, 321, 354, 321, 351, 355, 356, 353, 355, 353, 352, 356, 357, 354, 356, 354, 353, 357, 318, 317, 357, 317, 354, 358, 359, 356, 358, 356, 355, 359, 360, 357, 359, 357, 356, 360, 361, 318, 360, 318, 357, 362, 363, 359, 362, 359, 358, 363, 364, 360, 363, 360, 359, 364, 365, 361, 364, 361, 360, 366, 367, 363, 366, 363, 362, 367, 368, 364, 367, 364, 363, 368, 369, 365, 368, 365, 364, 370, 371, 367, 370, 367, 366, 371, 372, 368, 371, 368, 367, 372, 373, 369, 372, 369, 368, 374, 375, 371, 374, 371, 370, 375, 376, 372, 375, 372, 371, 376, 377, 373, 376, 373, 372, 378, 379, 375, 378, 375, 374, 379, 380, 376, 379, 376, 375, 380, 381, 377, 380, 377, 376, 382, 383, 379, 382, 379, 378, 383, 384, 380, 383, 380, 379, 384, 385, 381, 384, 381, 380, 386, 387, 383, 386, 383, 382, 387, 388, 384, 387, 384, 383, 388, 389, 385, 388, 385, 384, 325, 324, 387, 325, 387, 386, 324, 327, 388, 324, 388, 387, 327, 329, 389, 327, 389, 388, 319, 318, 361, 319, 361, 390, 390, 361, 365, 390, 365, 369, 345, 320, 316, 345, 316, 391, 391, 316, 319, 391, 319, 392, 392, 319, 390, 392, 390, 393, 393, 390, 369, 393, 369, 373, 341, 345, 391, 341, 391, 394, 394, 391, 392, 394, 392, 395, 395, 392, 393, 395, 393, 396, 396, 393, 373, 396, 373, 377, 337, 341, 394, 337, 394, 397, 397, 394, 395, 397, 395, 398, 398, 395, 396, 398, 396, 399, 399, 396, 377, 399, 377, 381, 333, 337, 397, 333, 397, 328, 328, 397, 398, 328, 398, 329, 329, 398, 399, 329, 399, 389, 389, 399, 381, 389, 381, 385, 293, 292, 400, 293, 400, 401, 401, 400, 402, 401, 402, 403, 404, 405, 406, 404, 406, 407, 408, 409, 405, 408, 405, 404, 410, 411, 409, 410, 409, 408, 412, 413, 411, 412, 411, 410, 414, 404, 407, 414, 407, 415, 416, 408, 404, 416, 404, 414, 417, 410, 408, 417, 408, 416, 418, 412, 410, 418, 410, 417, 419, 414, 415, 419, 415, 420, 421, 416, 414, 421, 414, 419, 422, 417, 416, 422, 416, 421, 423, 418, 417, 423, 417, 422, 424, 419, 420, 424, 420, 425, 426, 421, 419, 426, 419, 424, 427, 422, 421, 427, 421, 426, 428, 423, 422, 428, 422, 427, 429, 424, 425, 429, 425, 430, 431, 426, 424, 431, 424, 429, 432, 427, 426, 432, 426, 431, 433, 428, 427, 433, 427, 432, 434, 435, 436, 434, 436, 437, 438, 439, 440, 438, 440, 441, 442, 443, 435, 442, 435, 434, 444, 445, 446, 444, 446, 447, 448, 449, 450, 448, 450, 451, 447, 446, 452, 447, 452, 453, 441, 440, 454, 441, 454, 455, 453, 452, 456, 453, 456, 457, 458, 459, 460, 458, 460, 461, 462, 463, 459, 462, 459, 458, 457, 456, 464, 457, 464, 465, 461, 460, 466, 461, 466, 467, 465, 464, 468, 465, 468, 469, 467, 466, 470, 467, 470, 471, 469, 468, 472, 469, 472, 473, 471, 470, 474, 471, 474, 475, 473, 472, 443, 473, 443, 442, 475, 474, 445, 475, 445, 444, 476, 477, 478, 476, 478, 479, 477, 480, 481, 477, 481, 478, 480, 482, 483, 480, 483, 481, 484, 485, 477, 484, 477, 476, 485, 486, 480, 485, 480, 477, 486, 487, 482, 486, 482, 480, 488, 489, 485, 488, 485, 484, 489, 490, 486, 489, 486, 485, 490, 491, 487, 490, 487, 486, 492, 493, 494, 492, 494, 495, 493, 496, 497, 493, 497, 494, 496, 498, 499, 496, 499, 497, 500, 501, 493, 500, 493, 492, 501, 502, 496, 501, 496, 493, 502, 503, 498, 502, 498, 496, 504, 505, 501, 504, 501, 500, 505, 506, 502, 505, 502, 501, 506, 507, 503, 506, 503, 502, 508, 509, 505, 508, 505, 504, 509, 510, 506, 509, 506, 505, 510, 511, 507, 510, 507, 506, 512, 513, 509, 512, 509, 508, 513, 514, 510, 513, 510, 509, 514, 515, 511, 514, 511, 510, 516, 517, 513, 516, 513, 512, 517, 518, 514, 517, 514, 513, 518, 519, 515, 518, 515, 514, 520, 521, 517, 520, 517, 516, 521, 522, 518, 521, 518, 517, 522, 523, 519, 522, 519, 518, 524, 525, 521, 524, 521, 520, 525, 526, 522, 525, 522, 521, 526, 527, 523, 526, 523, 522, 528, 529, 525, 528, 525, 524, 529, 530, 526, 529, 526, 525, 530, 531, 527, 530, 527, 526, 532, 533, 529, 532, 529, 528, 533, 534, 530, 533, 530, 529, 534, 535, 531, 534, 531, 530, 536, 537, 533, 536, 533, 532, 537, 538, 534, 537, 534, 533, 538, 539, 535, 538, 535, 534, 540, 541, 537, 540, 537, 536, 541, 542, 538, 541, 538, 537, 542, 543, 539, 542, 539, 538, 544, 545, 541, 544, 541, 540, 545, 546, 542, 545, 542, 541, 546, 547, 543, 546, 543, 542, 548, 549, 545, 548, 545, 544, 549, 550, 546, 549, 546, 545, 550, 551, 547, 550, 547, 546, 479, 478, 549, 479, 549, 548, 478, 481, 550, 478, 550, 549, 481, 483, 551, 481, 551, 550, 552, 483, 482, 552, 482, 553, 553, 482, 487, 553, 487, 554, 554, 487, 491, 554, 491, 555, 556, 499, 498, 556, 498, 557, 557, 498, 503, 557, 503, 558, 558, 503, 507, 558, 507, 559, 559, 507, 511, 559, 511, 560, 560, 511, 515, 560, 515, 561, 561, 515, 519, 561, 519, 562, 562, 519, 523, 562, 523, 563, 563, 523, 527, 563, 527, 564, 564, 527, 531, 564, 531, 565, 565, 531, 535, 565, 535, 566, 566, 535, 539, 566, 539, 567, 567, 539, 543, 567, 543, 568, 568, 543, 547, 568, 547, 569, 569, 547, 551, 569, 551, 570, 570, 551, 483, 570, 483, 552, 571, 572, 573, 571, 573, 574, 575, 576, 577, 575, 577, 578, 579, 580, 449, 579, 449, 448, 581, 582, 572, 581, 572, 571, 583, 584, 576, 583, 576, 575, 585, 586, 580, 585, 580, 579, 587, 588, 582, 587, 582, 581, 589, 590, 591, 589, 591, 592, 593, 594, 588, 593, 588, 587, 595, 596, 590, 595, 590, 589, 597, 598, 594, 597, 594, 593, 599, 600, 596, 599, 596, 595, 601, 602, 598, 601, 598, 597, 603, 604, 600, 603, 600, 599, 451, 450, 602, 451, 602, 601, 574, 573, 604, 574, 604, 603, 578, 577, 586, 578, 586, 585, 605, 606, 607, 605, 607, 608, 606, 609, 610, 606, 610, 607, 611, 612, 606, 611, 606, 605, 612, 613, 609, 612, 609, 606, 614, 615, 616, 614, 616, 617, 618, 619, 612, 618, 612, 611, 619, 620, 613, 619, 613, 612, 621, 622, 619, 621, 619, 618, 622, 623, 620, 622, 620, 619, 624, 625, 622, 624, 622, 621, 625, 626, 623, 625, 623, 622, 627, 628, 625, 627, 625, 624, 628, 629, 626, 628, 626, 625, 630, 631, 628, 630, 628, 627, 631, 632, 629, 631, 629, 628, 633, 634, 631, 633, 631, 630, 634, 635, 632, 634, 632, 631, 636, 637, 634, 636, 634, 633, 637, 638, 635, 637, 635, 634, 639, 640, 637, 639, 637, 636, 640, 641, 638, 640, 638, 637, 642, 643, 640, 642, 640, 639, 643, 644, 641, 643, 641, 640, 645, 646, 643, 645, 643, 642, 646, 647, 644, 646, 644, 643, 648, 649, 646, 648, 646, 645, 649, 650, 647, 649, 647, 646, 651, 652, 649, 651, 649, 648, 652, 653, 650, 652, 650, 649, 654, 655, 652, 654, 652, 651, 655, 656, 653, 655, 653, 652, 657, 658, 655, 657, 655, 654, 658, 659, 656, 658, 656, 655, 660, 661, 658, 660, 658, 657, 661, 662, 659, 661, 659, 658, 608, 607, 661, 608, 661, 660, 607, 610, 662, 607, 662, 661, 437, 436, 439, 437, 439, 438, 663, 664, 665, 663, 665, 666, 666, 665, 667, 666, 667, 668, 668, 667, 669, 668, 669, 670, 670, 669, 671, 670, 671, 672, 673, 663, 666, 673, 666, 674, 674, 666, 668, 674, 668, 675, 675, 668, 670, 675, 670, 676, 676, 670, 672, 676, 672, 677, 678, 673, 674, 678, 674, 679, 679, 674, 675, 679, 675, 680, 680, 675, 676, 680, 676, 681, 681, 676, 677, 681, 677, 682, 683, 678, 679, 683, 679, 684, 684, 679, 680, 684, 680, 685, 685, 680, 681, 685, 681, 686, 686, 681, 682, 686, 682, 687, 688, 683, 684, 688, 684, 689, 689, 684, 685, 689, 685, 690, 690, 685, 686, 690, 686, 691, 691, 686, 687, 691, 687, 692, 693, 694, 695, 693, 695, 696, 697, 698, 605, 697, 605, 608, 699, 700, 701, 699, 701, 702, 703, 699, 702, 703, 702, 704, 705, 703, 704, 705, 704, 706, 707, 705, 706, 707, 706, 708, 709, 707, 708, 709, 708, 710, 711, 709, 710, 711, 710, 712, 713, 711, 712, 713, 712, 714, 715, 713, 714, 715, 714, 716, 717, 715, 716, 717, 716, 718, 719, 717, 718, 719, 718, 720, 721, 719, 720, 721, 720, 722, 723, 724, 654, 723, 654, 651, 615, 721, 722, 615, 722, 616, 725, 614, 617, 725, 617, 726, 727, 693, 696, 727, 696, 728, 729, 730, 633, 729, 633, 630, 698, 731, 611, 698, 611, 605, 724, 732, 657, 724, 657, 654, 730, 733, 636, 730, 636, 633, 734, 725, 726, 734, 726, 735, 732, 736, 660, 732, 660, 657, 733, 737, 639, 733, 639, 636, 731, 738, 618, 731, 618, 611, 736, 697, 608, 736, 608, 660, 737, 739, 642, 737, 642, 639, 738, 740, 621, 738, 621, 618, 739, 741, 645, 739, 645, 642, 740, 742, 624, 740, 624, 621, 741, 743, 648, 741, 648, 645, 742, 744, 627, 742, 627, 624, 743, 723, 651, 743, 651, 648, 744, 729, 630, 744, 630, 627, 745, 746, 747, 745, 747, 748, 746, 749, 750, 746, 750, 747, 749, 751, 752, 749, 752, 750, 751, 753, 754, 751, 754, 752, 753, 755, 756, 753, 756, 754, 755, 757, 758, 755, 758, 756, 757, 759, 760, 757, 760, 758, 759, 761, 762, 759, 762, 760, 761, 763, 764, 761, 764, 762, 763, 765, 766, 763, 766, 764, 765, 767, 768, 765, 768, 766, 767, 769, 770, 767, 770, 768, 769, 771, 772, 769, 772, 770, 771, 773, 774, 771, 774, 772, 773, 775, 776, 773, 776, 774, 775, 777, 778, 775, 778, 776, 777, 779, 780, 777, 780, 778, 779, 745, 748, 779, 748, 780, 694, 734, 735, 694, 735, 695, 787, 785, 786, 785, 787, 788, 785, 788, 784, 784, 788, 789, 784, 789, 783, 783, 789, 790, 783, 790, 782, 782, 790, 791, 782, 791, 781, 781, 791, 792, 781, 792, 798, 798, 792, 793, 798, 793, 797, 797, 793, 794, 797, 794, 796, 796, 794, 795]
                                rel material:binding = </test_tube_mutations/Materials/phials_blank_paul> (
                                    bindMaterialAs = "weakerThanDescendants"
                                )
                                normal3f[] normals = [(0.8496368, 0.5109531, -0.13055342), (0.85697144, 0.515364, 0), (0.9815546, 0.19118239, 0), (0.9731537, 0.18954611, -0.13055348), (0.017680045, -0.99128366, -0.13055356), (0.017832635, -0.99984103, 0), (-0.32520863, -0.94564235, 0), (-0.32242522, -0.9375489, -0.1305536), (-0.629025, -0.7773852, 0), (-0.6236413, -0.77073175, -0.13055353), (-0.8569715, -0.5153638, 0), (-0.8496369, -0.51095295, -0.13055345), (-0.98155457, -0.19118215, 0), (-0.97315377, -0.18954587, -0.13055341), (-0.9877478, 0.1560587, 0), (-0.9792939, 0.15472312, -0.1305534), (-0.8748042, 0.4844769, 0), (-0.86731684, 0.4803305, -0.13055344), (-0.65634584, 0.7544602, 0), (-0.6507282, 0.74800307, -0.13055353), (-0.3587228, 0.9334442, 0), (-0.3556525, 0.92545515, -0.13055359), (-0.017832749, 0.99984103, 0), (-0.017680125, 0.99128366, -0.13055356), (0.32520843, 0.94564235, 0), (0.3224251, 0.93754894, -0.13055354), (0.6290249, 0.7773852, 0), (0.6236413, 0.7707318, -0.13055347), (0.07956177, -0.043496005, -0.99588054), (0.06786028, 0.013217204, -0.99760735), (0.24211122, 0.047157206, -0.9691019), (0.24630117, -0.038219444, -0.96843946), (0.6507284, -0.74800295, -0.13055354), (0.6563459, -0.75446016, 0), (0.3587229, -0.9334441, 0), (0.3556527, -0.9254551, -0.13055356), (0.97929394, -0.15472329, -0.1305535), (0.9877478, -0.15605894, 0), (0.87480396, -0.4844771, 0), (0.8673168, -0.48033062, -0.13055348), (0.874804, -0.48447698, 0.0000795567), (0.98774785, -0.15605874, 0.00007954502), (0.9788977, -0.15466057, 0.13356453), (0.86696595, -0.4801362, 0.13356467), (-0.9815547, -0.19118206, 0.00007953598), (-0.8569714, -0.51536393, 0.000079546706), (-0.849293, -0.5107463, 0.13356464), (-0.97275996, -0.1894692, 0.13356459), (-0.6563457, 0.7544603, 0.00007949001), (-0.87480396, 0.48447707, 0.000079497855), (-0.8669658, 0.48013628, 0.13356468), (-0.650465, 0.7477004, 0.13356459), (-0.35872275, 0.9334442, 0.00007948999), (-0.3555087, 0.92508054, 0.13356456), (-0.017832791, 0.99984103, 0.00007948998), (-0.017673014, 0.9908825, 0.13356455), (0.32520834, 0.9456424, 0.00007948999), (0.32229447, 0.93716955, 0.13356452), (0.62902486, 0.7773853, 0.000079496276), (0.6233888, 0.77042, 0.1335646), (0.85697156, 0.5153639, 0.000079510464), (0.8492931, 0.51074624, 0.13356458), (0.9815547, 0.19118208, 0.00007952822), (0.97275996, 0.1894691, 0.13356449), (0.6563457, -0.7544603, 0.000079563564), (0.65046495, -0.74770033, 0.13356473), (0.35872275, -0.9334442, 0.00007956986), (0.3555087, -0.92508066, 0.13356465), (0.017832782, -0.99984103, 0.00007957827), (0.01767304, -0.9908825, 0.13356459), (-0.32520834, -0.9456424, 0.000079569865), (-0.32229447, -0.93716955, 0.13356467), (-0.6290248, -0.7773853, 0.00007955303), (-0.6233888, -0.77042, 0.13356471), (0.9731537, 0.18954611, -0.13055348), (0.9815546, 0.19118239, 0), (-0.9877478, 0.15605898, 0.00007951654), (-0.9788977, 0.15466066, 0.13356465), (0.0033271348, 0.0040396214, 0.99998635), (0.0035179541, 0.000685419, 0.9999936), (0.14793712, 0.028814685, 0.988577), (0.12941147, 0.07765996, 0.9885453), (0.04878767, 0.14248258, 0.9885942), (0.09558123, 0.11812445, 0.988388), (-0.9788977, 0.15466066, 0.13356465), (-0.97275996, -0.1894692, 0.13356459), (-0.8532092, -0.16618378, 0.49438548), (-0.8585926, 0.13565299, 0.49438554), (-0.51123834, -0.09957634, 0.8536509), (-0.51446396, 0.081282526, 0.853651), (-0.14793678, -0.028814318, 0.988577), (-0.14909795, 0.023413401, 0.98854524), (-0.8669658, 0.48013628, 0.13356468), (-0.760417, 0.4211282, 0.49438554), (-0.45563772, 0.25233766, 0.853651), (-0.13292699, 0.073616765, 0.9883882), (-0.650465, 0.7477004, 0.13356459), (-0.57052386, 0.6558091, 0.49438548), (-0.34185457, 0.39295712, 0.85365105), (-0.098697126, 0.113756314, 0.9885942), (-0.3555087, 0.92508054, 0.13356456), (-0.3118173, 0.8113896, 0.49438554), (-0.18683901, 0.48618004, 0.8536511), (-0.05372523, 0.1402139, 0.98866254), (-0.017673014, 0.9908825, 0.13356455), (-0.015501034, 0.8691045, 0.4943856), (-0.009287997, 0.5207625, 0.85365105), (-0.0028259486, 0.15012777, 0.98866254), (0.32229447, 0.93716955, 0.13356452), (0.28268498, 0.8219929, 0.49438548), (0.16938335, 0.4925334, 0.8536511), (0.6233888, 0.77042, 0.1335646), (0.5467752, 0.6757365, 0.4943857), (0.3276245, 0.40489742, 0.85365117), (0.8492931, 0.51074624, 0.13356458), (0.7449161, 0.4479764, 0.49438572), (0.44634923, 0.26842493, 0.85365134), (0.97275996, 0.1894691, 0.13356449), (0.8532092, 0.1661837, 0.4943855), (0.51123804, 0.09957637, 0.8536511), (0.9788977, -0.15466057, 0.13356453), (0.8585926, -0.13565306, 0.49438542), (0.5144638, -0.08128252, 0.8536511), (0.14909875, -0.02341308, 0.9885452), (0.86696595, -0.4801362, 0.13356467), (0.76041704, -0.42112818, 0.4943855), (0.45563763, -0.25233766, 0.85365105), (0.1329291, -0.07361787, 0.9883878), (0.65046495, -0.74770033, 0.13356473), (0.57052386, -0.6558091, 0.4943856), (0.3418546, -0.3929572, 0.85365105), (0.09869531, -0.11375669, 0.98859435), (0.3555087, -0.92508066, 0.13356465), (0.31181726, -0.81138957, 0.49438548), (0.18683898, -0.48618004, 0.8536511), (0.05372391, -0.14021325, 0.98866284), (0.01767304, -0.9908825, 0.13356459), (0.015501051, -0.8691045, 0.49438554), (0.009287946, -0.5207625, 0.85365105), (0.0028261435, -0.15012665, 0.98866284), (-0.32229447, -0.93716955, 0.13356467), (-0.28268504, -0.8219929, 0.49438557), (-0.1693834, -0.49253336, 0.85365105), (-0.04878723, -0.14248179, 0.98859435), (-0.6233888, -0.77042, 0.13356471), (-0.54677534, -0.67573637, 0.4943857), (-0.32762468, -0.4048974, 0.8536511), (-0.0955813, -0.11812443, 0.988388), (-0.849293, -0.5107463, 0.13356464), (-0.7449162, -0.44797632, 0.4943856), (-0.44634956, -0.26842484, 0.8536511), (-0.12941115, -0.077659935, 0.98854524), (0.0045996285, -0.0024965315, 0.99998635), (-0.0001247463, 0.0029796525, 0.99999565), (-2.4556286e-7, -6.5597624e-7, 1), (0.0010011077, -0.0028087082, 0.99999565), (-0.0010032153, 0.002808631, 0.99999565), (7.366895e-7, -7.6306327e-7, 1), (0.00012575662, -0.0029791615, 0.99999565), (-0.0045993445, 0.0024958632, 0.99998635), (-0.0035167814, -0.00068530603, 0.9999936), (-0.0033257948, -0.004039478, 0.99998635), (0.9731537, 0.18954611, -0.13055348), (0.97929394, -0.15472329, -0.1305535), (0.85948443, -0.13579404, -0.49279454), (0.85409546, 0.16635646, -0.49279457), (0.54194415, -0.08562431, -0.8360414), (0.5385459, 0.10489521, -0.83604145), (0.8673168, -0.48033062, -0.13055348), (0.7612069, -0.4215657, -0.49279442), (0.47997555, -0.26581633, -0.8360414), (0.22813399, -0.1263433, -0.9653975), (0.6507284, -0.74800295, -0.13055354), (0.5711166, -0.6564903, -0.49279442), (0.3601149, -0.41394702, -0.83604133), (0.15946332, -0.18642162, -0.9694424), (0.3556527, -0.9254551, -0.13055356), (0.31214115, -0.81223255, -0.49279436), (0.1968191, -0.5121496, -0.83604133), (0.083169304, -0.22395195, -0.971045), (0.017680045, -0.99128366, -0.13055356), (0.01551709, -0.8700074, -0.49279442), (0.009784118, -0.54857934, -0.83604133), (0.00696198, -0.23879528, -0.9710451), (-0.32242522, -0.9375489, -0.1305536), (-0.28297883, -0.8228467, -0.4927945), (-0.17843103, -0.5188422, -0.8360414), (-0.07784014, -0.2326424, -0.9694424), (-0.6236413, -0.77073175, -0.13055353), (-0.5473434, -0.6764384, -0.49279445), (-0.34512487, -0.42652512, -0.8360414), (-0.16403846, -0.20272869, -0.9653976), (-0.8496369, -0.51095295, -0.13055345), (-0.7456902, -0.4484417, -0.49279428), (-0.47019148, -0.28276289, -0.83604133), (-0.2139518, -0.12786518, -0.9684395), (-0.97315377, -0.18954587, -0.13055341), (-0.85409576, -0.16635635, -0.49279413), (-0.5385461, -0.10489528, -0.8360414), (-0.24211103, -0.047157235, -0.9691019), (-0.9792939, 0.15472312, -0.1305534), (-0.8594846, 0.13579398, -0.49279425), (-0.5419441, 0.08562431, -0.83604133), (-0.24630107, 0.03821943, -0.9684396), (-0.86731684, 0.4803305, -0.13055344), (-0.761207, 0.4215657, -0.49279433), (-0.4799758, 0.26581633, -0.83604133), (-0.22813424, 0.12634324, -0.9653975), (-0.6507282, 0.74800307, -0.13055353), (-0.57111645, 0.65649045, -0.49279436), (-0.36011514, 0.4139471, -0.83604133), (-0.15946355, 0.18642162, -0.9694423), (-0.3556525, 0.92545515, -0.13055359), (-0.312141, 0.81223255, -0.49279442), (-0.19681916, 0.5121496, -0.83604133), (-0.08316969, 0.22395219, -0.9710449), (-0.017680125, 0.99128366, -0.13055356), (-0.015517112, 0.8700075, -0.49279433), (-0.009784146, 0.5485793, -0.83604133), (-0.0069618193, 0.23879579, -0.9710449), (0.3224251, 0.93754894, -0.13055354), (0.2829788, 0.8228468, -0.49279433), (0.17843103, 0.5188424, -0.83604133), (0.077841066, 0.23264292, -0.96944225), (0.6236413, 0.7707318, -0.13055347), (0.54734343, 0.67643845, -0.49279428), (0.34512487, 0.4265253, -0.83604133), (0.16403921, 0.20272873, -0.9653975), (0.8496368, 0.5109531, -0.13055342), (0.74569, 0.44844186, -0.49279442), (0.47019142, 0.28276294, -0.8360414), (0.21395183, 0.12786515, -0.9684395), (0.057421975, 0.07017687, -0.99588054), (0.02017891, -0.057156537, -0.9981614), (0.0000019190684, -2.7566074e-7, -1), (-0.0027472444, 0.060551763, -0.99816126), (0.002747054, -0.060551494, -0.9981614), (-0.0000030722358, -8.958602e-7, -1), (-0.020180052, 0.057155926, -0.9981614), (-0.057420097, -0.070176244, -0.9958807), (-0.067859024, -0.013217263, -0.9976074), (-0.07956098, 0.043495674, -0.9958806), (-0.50043654, -0.09747249, 0.8602688), (-0.50043666, -0.097472504, 0.86026883), (-0.5035945, 0.07956515, 0.86026865), (-0.50359446, 0.07956513, 0.86026865), (-0.44601256, 0.24700584, 0.86026794), (-0.4460126, 0.24700578, 0.86026794), (-0.33463377, 0.38465405, 0.86026824), (-0.33463383, 0.38465405, 0.8602683), (-0.182892, 0.4759073, 0.86026907), (-0.18289195, 0.4759073, 0.8602691), (-0.009091441, 0.5097587, 0.8602695), (-0.009091443, 0.5097587, 0.8602694), (0.165805, 0.4821263, 0.8602691), (0.165805, 0.4821263, 0.8602692), (0.3207009, 0.39634272, 0.8602695), (0.32070094, 0.39634272, 0.8602695), (0.43691522, 0.2627539, 0.86027056), (0.43691522, 0.2627539, 0.8602706), (0.5004346, 0.09747263, 0.8602699), (0.5004346, 0.09747267, 0.86026996), (0.5035947, -0.07956503, 0.8602684), (0.50359476, -0.07956507, 0.8602684), (0.44601277, -0.24700582, 0.8602679), (0.44601277, -0.24700578, 0.8602678), (0.33463183, -0.38465437, 0.860269), (0.33463183, -0.38465434, 0.860269), (0.18289058, -0.4759074, 0.86026925), (0.18289053, -0.4759074, 0.86026925), (0.0090921065, -0.5097593, 0.860269), (0.009092069, -0.50975937, 0.860269), (-0.16580509, -0.48212683, 0.8602689), (-0.1658051, -0.48212677, 0.86026883), (-0.32070094, -0.39634278, 0.86026937), (-0.32070094, -0.3963428, 0.86026937), (-0.4369175, -0.26275384, 0.8602694), (-0.43691754, -0.26275384, 0.86026955), (-0.50043666, -0.097472504, 0.86026883), (-0.50043654, -0.09747249, 0.8602688), (-0.9815547, -0.19118206, 0.00007953598), (-0.97275996, -0.1894692, 0.13356459), (-0.8569009, 0.5154786, 0.0017067817), (-0.8647492, 0.48467407, -0.1315294), (-0.9785029, 0.15773386, -0.1328615), (-0.9805608, 0.19621399, -0.000920033), (0.97436345, 0.22496367, -0.0026956988), (0.9731642, 0.18730415, -0.1336742), (0.847567, 0.5137878, -0.13286185), (0.8342668, 0.55136037, -0.000882338), (0.6576869, -0.7532896, 0.0016728883), (0.64338166, -0.7541957, -0.13133532), (0.86161834, -0.4899319, -0.13259172), (0.87961775, -0.47568056, -0.0008791435), (0.35884628, -0.9333903, 0.0034443683), (0.3526578, -0.92660826, -0.13049808), (0.018888114, -0.99981606, 0.0033311865), (0.022395102, -0.9911887, -0.13055114), (-0.32670423, -0.9451256, 0.0014628697), (-0.31291637, -0.9406415, -0.13144234), (-0.6366, -0.7711935, -0.0009997648), (-0.61512303, -0.7771904, -0.13266067), (-0.86810684, -0.49637017, -0.0026999195), (-0.8454181, -0.51713425, -0.1335682), (-0.9876633, -0.15656993, -0.0026851296), (-0.9723816, -0.19132236, -0.13367805), (-0.637481, 0.7704549, 0.004157536), (-0.6474129, 0.7509274, -0.13024893), (-0.34875238, 0.93719774, 0.0056717023), (-0.35350266, 0.9264338, -0.12944682), (-0.023600105, 0.9997047, 0.00580925), (-0.018370276, 0.99142605, -0.1293715), (0.30267084, 0.95308477, 0.004453354), (0.31853715, 0.9389409, -0.13009308), (0.5984562, 0.80115324, 0.0019261651), (0.618956, 0.7743505, -0.13143332), (-0.0016257364, -0.0019888557, -0.9999967), (-0.125934, -0.07565904, -0.9891494), (-0.14411114, -0.02806924, -0.98916334), (-0.0017369023, -0.00033785775, -0.9999985), (-0.04764317, -0.13882102, -0.98917085), (-0.092650495, -0.11450693, -0.9890925), (0.97763306, -0.16248094, -0.1335431), (0.8589538, -0.13576022, -0.49372825), (0.8535752, 0.16625698, -0.49372885), (0.9731642, 0.18730415, -0.1336742), (0.51218677, -0.08093197, -0.8550525), (0.50898135, 0.09913691, -0.8550497), (0.14512418, -0.022863766, -0.98914933), (0.14411135, 0.028069288, -0.98916334), (0.86161834, -0.4899319, -0.13259172), (0.7606997, -0.4213693, -0.49374497), (0.4536238, -0.25121966, -0.8550521), (0.12885343, -0.0713635, -0.9890925), (0.64338166, -0.7541957, -0.13133532), (0.57070446, -0.65611, -0.49377748), (0.34035525, -0.3912138, -0.8550498), (0.09626124, -0.11079206, -0.98917085), (0.3526578, -0.92660826, -0.13049808), (0.31191656, -0.811707, -0.4938014), (0.18602005, -0.48404026, -0.8550448), (0.052509394, -0.13683416, -0.9892013), (0.022395102, -0.9911887, -0.13055114), (0.015535137, -0.8694397, -0.4937947), (0.009244258, -0.5184718, -0.8550448), (0.0026847436, -0.14653869, -0.9892013), (-0.31291637, -0.9406415, -0.13144234), (-0.2827362, -0.8223474, -0.4937661), (-0.16864792, -0.4903549, -0.8550497), (-0.61512303, -0.7771904, -0.13266067), (-0.54694575, -0.6760685, -0.49374256), (-0.3261776, -0.4031055, -0.85505223), (-0.8454181, -0.51713425, -0.1335682), (-0.7452102, -0.44820702, -0.49373317), (-0.44437078, -0.2672454, -0.8550524), (-0.9723816, -0.19132236, -0.13367805), (-0.8535729, -0.16625267, -0.49373418), (-0.5089816, -0.09913683, -0.8550495), (-0.9785029, 0.15773386, -0.1328615), (-0.8589445, 0.13575074, -0.49374712), (-0.5121868, 0.08093201, -0.8550525), (-0.14512357, 0.022863805, -0.9891494), (-0.8647492, 0.48467407, -0.1315294), (-0.76069576, 0.4213547, -0.49376327), (-0.45362377, 0.25121984, -0.8550521), (-0.12885343, 0.07136353, -0.9890925), (-0.6474129, 0.7509274, -0.13024893), (-0.5707101, 0.6561096, -0.49377146), (-0.34035528, 0.39121377, -0.8550498), (-0.09625974, 0.110791154, -0.98917115), (-0.35350266, 0.9264338, -0.12944682), (-0.31191856, 0.81172174, -0.4937759), (-0.18602037, 0.48404026, -0.8550447), (-0.052508432, 0.13683216, -0.9892016), (-0.018370276, 0.99142605, -0.1293715), (-0.015524625, 0.8694468, -0.49378258), (-0.009244603, 0.5184718, -0.8550448), (-0.0026854088, 0.14653645, -0.9892017), (0.31853715, 0.9389409, -0.13009308), (0.28274846, 0.8223332, -0.4937827), (0.16864817, 0.49035487, -0.8550498), (0.047641866, 0.13881946, -0.98917115), (0.618956, 0.7743505, -0.13143332), (0.54694957, 0.6760484, -0.49376598), (0.32617804, 0.40310538, -0.85505205), (0.09265083, 0.114506945, -0.9890926), (0.847567, 0.5137878, -0.13286185), (0.74520624, 0.44820324, -0.49374235), (0.4443705, 0.26724538, -0.8550525), (0.12593386, 0.07565899, -0.9891494), (-0.0022518556, 0.0012335215, -0.9999967), (0.00006619005, -0.0014834836, -0.999999), (-9.856029e-7, 0.0000014168461, -1), (-0.0004936564, 0.0013994266, -0.999999), (0.0004955971, -0.0013997783, -0.9999989), (6.8722505e-7, 0.0000019130591, -1), (-0.00006758594, 0.0014824079, -0.999999), (0.0022533352, -0.0012332032, -0.9999967), (0.0017370923, 0.0003389202, -0.9999985), (0.0016241487, 0.0019885504, -0.9999967), (0.97763306, -0.16248094, -0.1335431), (0.9909826, -0.13396455, -0.0026611115), (0.9731642, 0.18730415, -0.1336742), (0.97436345, 0.22496367, -0.0026956988), (0.0018492404, -0.34600192, 0.938232), (-0.030216014, -0.31344774, 0.9491246), (-0.047309652, -0.35450134, 0.9338579), (-0.005370482, -0.3796948, 0.92509633), (0.01674686, -0.30470842, 0.95229846), (-0.021701796, -0.2767313, 0.96070236), (0.03071078, -0.25235447, 0.96714747), (-0.011655449, -0.23628639, 0.9716136), (0.055392813, -0.21466455, 0.9751158), (0.008001302, -0.18775503, 0.98218334), (0.045722943, -0.37232503, 0.9269755), (0.031397857, -0.39522368, 0.91804814), (0.063390516, -0.34081528, 0.9379908), (0.07523332, -0.2854486, 0.9554366), (0.08948988, -0.24321942, 0.9658343), (0.0654048, -0.38471133, 0.9207169), (0.05587357, -0.40583813, 0.9122355), (0.071745634, -0.3534127, 0.93271226), (0.095029145, -0.30556858, 0.9474161), (0.11417613, -0.26575842, 0.9572546), (0.092539266, -0.40287244, 0.9105659), (0.07860185, -0.41968307, 0.90426105), (0.10323902, -0.37499326, 0.92126095), (0.12850559, -0.33090997, 0.9348716), (0.14453523, -0.2875111, 0.9468088), (0.115872785, -0.4095949, 0.90487885), (0.104224965, -0.43264854, 0.895518), (0.12799528, -0.38845387, 0.91253537), (0.14769556, -0.3569513, 0.92237294), (0.17515267, -0.31140074, 0.9339974), (0.6144505, 0.7780788, -0.13055305), (0.61445194, 0.7780777, 0.13055319), (0.8435139, 0.5209994, 0.13055322), (0.84351325, 0.5210003, -0.13055311), (0.9708359, 0.20108114, -0.13055268), (0.970836, 0.20108092, 0.13055311), (0.9810611, -0.14309083, 0.13055305), (0.9810612, -0.14309128, -0.13055259), (0.31127647, 0.9413093, -0.1305527), (0.31127712, 0.9413089, 0.13055356), (-0.8435132, -0.5210004, -0.13055314), (-0.8435135, -0.521, 0.13055319), (-0.9708358, -0.20108111, 0.13055329), (-0.97083586, -0.20108138, -0.13055305), (0.31011534, 0.9377967, -0.15609555), (0.31011534, 0.9377967, -0.15609556), (-0.029332517, 0.98730636, -0.15609555), (-0.029332504, 0.98730636, -0.15609556), (-0.981061, 0.1430914, 0.13055381), (-0.9810612, 0.14309093, -0.13055275), (0.8729556, -0.47000465, 0.1305532), (0.8729559, -0.47000444, -0.1305524), (-0.8729557, 0.47000456, 0.13055389), (-0.87295574, 0.47000474, -0.13055268), (0.65955925, -0.7402282, -0.1305523), (0.65955853, -0.7402287, 0.1305531), (0.36660978, -0.92116946, 0.13055299), (0.36661038, -0.92116934, -0.13055235), (0.8729559, -0.47000444, -0.1305524), (0.8729556, -0.47000465, 0.1305532), (-0.65955895, 0.7402282, 0.13055377), (-0.65955883, 0.7402285, -0.1305526), (0.029442191, -0.99100405, 0.13055317), (0.029442864, -0.99100417, -0.13055244), (-0.36660936, 0.9211695, 0.13055395), (-0.36661017, 0.9211695, -0.13055234), (-0.3112771, -0.94130886, 0.13055332), (-0.31127644, -0.9413092, -0.13055256), (-0.029442273, 0.99100405, 0.13055395), (-0.029442465, 0.99100417, -0.1305524), (-0.61445117, -0.77807826, 0.13055322), (-0.61445045, -0.7780789, -0.1305528), (0.9708359, 0.20108114, -0.13055268), (0.85206217, 0.17648055, -0.49279281), (0.740316, 0.45726022, -0.4927935), (0.84351325, 0.5210003, -0.13055311), (0.5052377, 0.10464601, -0.85661197), (0.43897748, 0.27113706, -0.8566117), (0.18134117, 0.037560076, -0.9827028), (0.15756002, 0.09731792, -0.9827025), (0.9810612, -0.14309128, -0.13055259), (0.8610363, -0.12558526, -0.4927931), (0.5105599, -0.074466944, -0.85661155), (0.18325311, -0.026728049, -0.9827024), (0.8729559, -0.47000444, -0.1305524), (0.76615727, -0.412503, -0.49279255), (0.4543014, -0.24459766, -0.85661095), (0.16306092, -0.087792315, -0.98270226), (0.65955925, -0.7402282, -0.1305523), (0.5788683, -0.649667, -0.49279234), (0.76615727, -0.412503, -0.49279255), (0.8729559, -0.47000444, -0.1305524), (0.34324697, -0.38522667, -0.8566108), (0.4543014, -0.24459766, -0.85661095), (0.12319999, -0.13826762, -0.9827023), (0.16306092, -0.087792315, -0.98270226), (0.36661038, -0.92116934, -0.13055235), (0.3217588, -0.8084717, -0.49279293), (0.1907908, -0.4793915, -0.8566112), (0.068479754, -0.17206581, -0.9827024), (0.029442864, -0.99100417, -0.13055244), (0.02584105, -0.8697628, -0.4927932), (0.0153224375, -0.51573455, -0.85661143), (0.005499697, -0.1851103, -0.9827024), (-0.31127644, -0.9413092, -0.13055256), (-0.27319378, -0.82614774, -0.4927931), (-0.16199297, -0.48987284, -0.8566113), (-0.058143526, -0.1758276, -0.9827024), (-0.61445045, -0.7780789, -0.1305528), (-0.5392771, -0.68288726, -0.49279338), (-0.3197702, -0.40492475, -0.8566113), (-0.114774734, -0.14533764, -0.98270226), (-0.8435132, -0.5210004, -0.13055314), (-0.74031574, -0.4572602, -0.4927938), (-0.43897822, -0.27113682, -0.8566114), (-0.15756159, -0.097317904, -0.98270226), (-0.97083586, -0.20108138, -0.13055305), (-0.85206205, -0.1764806, -0.4927929), (-0.50523907, -0.10464599, -0.8566113), (-0.18134263, -0.03756007, -0.9827025), (-0.9810612, 0.14309093, -0.13055275), (-0.8610366, 0.12558497, -0.49279264), (-0.51055986, 0.07446714, -0.8566116), (-0.18325081, 0.026728088, -0.9827028), (-0.87295574, 0.47000474, -0.13055268), (-0.7661568, 0.4125032, -0.4927929), (-0.4543005, 0.24459799, -0.8566113), (-0.16305853, 0.087792434, -0.9827026), (-0.65955883, 0.7402285, -0.1305526), (-0.5788678, 0.64966714, -0.4927928), (-0.34324667, 0.38522646, -0.85661095), (-0.123200014, 0.1382676, -0.9827023), (-0.36661017, 0.9211695, -0.13055234), (-0.32175875, 0.8084717, -0.49279293), (-0.19079073, 0.47939143, -0.85661125), (-0.0684801, 0.1720657, -0.9827023), (-0.029442465, 0.99100417, -0.1305524), (-0.025840368, 0.86976266, -0.49279323), (-0.015322156, 0.5157345, -0.85661143), (-0.0055000545, 0.18511032, -0.9827024), (0.31127647, 0.9413093, -0.1305527), (0.27319387, 0.8261476, -0.49279338), (0.16199265, 0.48987278, -0.8566114), (0.058142837, 0.1758278, -0.98270243), (0.6144505, 0.7780788, -0.13055305), (0.5392767, 0.6828874, -0.49279356), (0.3197697, 0.40492505, -0.8566114), (0.11477384, 0.14533775, -0.9827024), (0.08239646, 0.050891284, -0.9952994), (0.09483236, 0.019641593, -0.99529946), (0.09583178, -0.013977128, -0.9952994), (0.08527195, -0.045909993, -0.9952995), (0.08527195, -0.045909993, -0.9952995), (0.064425826, -0.072305456, -0.9952996), (0.035810083, -0.08997982, -0.99529964), (0.0028763586, -0.096801296, -0.9952996), (-0.030405346, -0.0919471, -0.9952996), (-0.0600218, -0.0760027, -0.9952995), (-0.082396865, -0.05089126, -0.99529946), (-0.09483256, -0.01964162, -0.9952995), (-0.0958291, 0.013977137, -0.9952997), (-0.0852691, 0.04591006, -0.9952997), (-0.06442588, 0.07230551, -0.9952996), (-0.03581094, 0.08997986, -0.9952996), (-0.0028772021, 0.09680135, -0.9952996), (0.030404497, 0.09194714, -0.99529964), (0.060020544, 0.07600272, -0.9952996), (-0.84036624, -0.51905584, -0.15609539), (-0.84036624, -0.51905584, -0.15609539), (-0.6121585, -0.77517503, -0.15609536), (-0.6121584, -0.77517503, -0.15609534), (0.9774005, -0.14255714, -0.15609539), (0.9774005, -0.14255714, -0.15609537), (0.96721345, 0.20033072, -0.15609537), (0.96721345, 0.20033073, -0.15609539), (0.6121585, 0.775175, -0.15609549), (0.61215854, 0.7751749, -0.1560955), (-0.9672134, -0.20033081, -0.1560954), (-0.96721345, -0.20033087, -0.15609542), (0.8696985, -0.4682507, -0.15609537), (0.8696985, -0.46825072, -0.15609537), (0.8403663, 0.5190556, -0.15609539), (0.8403664, 0.5190556, -0.1560954), (-0.97740054, 0.1425569, -0.15609547), (-0.9774006, 0.1425569, -0.15609547), (0.6570982, -0.7374661, -0.15609545), (0.6570981, -0.7374661, -0.15609543), (0.8696985, -0.46825072, -0.15609537), (0.8696985, -0.4682507, -0.15609537), (-0.8696984, 0.46825087, -0.15609546), (-0.86969846, 0.46825096, -0.15609547), (0.36524218, -0.9177323, -0.15609543), (0.36524215, -0.91773224, -0.15609543), (-0.657098, 0.7374663, -0.15609545), (-0.65709794, 0.7374663, -0.15609543), (0.029332653, -0.98730636, -0.15609546), (0.029332655, -0.98730636, -0.15609545), (-0.3652424, 0.9177321, -0.15609546), (-0.36524242, 0.9177322, -0.15609547), (-0.31011534, -0.93779683, -0.15609542), (-0.3101153, -0.93779683, -0.15609543), (0.32288072, 0.06687542, 0.9440741), (0.80469614, 0.16666949, 0.56981176), (0.69916254, 0.43184024, 0.56981206), (0.28053543, 0.17327423, 0.9440741), (0.970836, 0.20108092, 0.13055311), (0.8435139, 0.5209994, 0.13055322), (0.32628095, -0.047589228, 0.94407415), (0.8131709, -0.11860359, 0.56981254), (0.9810611, -0.14309083, 0.13055305), (-0.3139635, -0.9494351, 1.08838684e-7), (0.029696636, -0.99955904, 1.6930467e-7), (0.029696614, -0.999559, 1.6930466e-7), (-0.31396356, -0.9494351, 1.08838684e-7), (0.29032797, -0.15631397, 0.94407403), (0.72356576, -0.38957217, 0.56981236), (0.8729556, -0.47000465, 0.1305532), (0.21935642, -0.246185, 0.9440741), (0.5466877, -0.6135528, 0.56981194), (0.65955853, -0.7402287, 0.1305531), (0.12192727, -0.30636245, 0.9440741), (0.30387115, -0.76352906, 0.56981206), (0.36660978, -0.92116946, 0.13055299), (0.009793085, -0.32958812, 0.94407403), (0.02440406, -0.8214125, 0.56981224), (0.029442191, -0.99100405, 0.13055317), (-0.10352481, -0.31306052, 0.94407403), (-0.258008, -0.78022164, 0.56981236), (-0.3112771, -0.94130886, 0.13055332), (-0.20435397, -0.25877324, 0.9440741), (-0.5092992, -0.6449249, 0.5698124), (-0.61445117, -0.77807826, 0.13055322), (-0.28053623, -0.17327408, 0.9440739), (-0.6991627, -0.43184063, 0.5698116), (-0.8435135, -0.521, 0.13055319), (-0.32288152, -0.06687531, 0.94407374), (-0.8046962, -0.16666952, 0.5698117), (-0.9708358, -0.20108111, 0.13055329), (-0.3262824, 0.047589023, 0.9440737), (-0.81317145, 0.11860397, 0.56981176), (-0.981061, 0.1430914, 0.13055381), (-0.29032794, 0.15631418, 0.9440739), (-0.7235659, 0.38957214, 0.5698123), (-0.8729557, 0.47000456, 0.13055389), (-0.21935545, 0.246185, 0.9440743), (-0.5466873, 0.6135521, 0.5698131), (-0.65955895, 0.7402282, 0.13055377), (-0.121928394, 0.30636236, 0.9440739), (-0.3038717, 0.76352847, 0.56981254), (-0.36660936, 0.9211695, 0.13055395), (-0.00979254, 0.32958812, 0.94407415), (-0.024404125, 0.82141215, 0.56981283), (-0.029442273, 0.99100405, 0.13055395), (0.10352479, 0.3130604, 0.94407415), (0.25800803, 0.7802215, 0.5698126), (0.31127712, 0.9413089, 0.13055356), (0.20435403, 0.25877336, 0.9440741), (0.5093, 0.64492446, 0.56981224), (0.61445194, 0.7780777, 0.13055319), (-0.0000019593726, 0, -1), (0, 0, -1), (-0.0000010002528, 0, -1), (-6.633142e-7, 0, -1), (-0.0000017110798, 0, -1), (-6.054331e-7, 0, -1), (-0.0000013563276, 0, -1), (4.0938582e-7, 0, -1), (0.0000011561175, 0, -1), (2.4336006e-7, 0, -1), (-0.0000010052121, 0, -1), (-1.7534956e-7, 0, -1), (3.1591065e-7, 0, -1), (2.1315121e-7, 0, -1), (0.0000012494174, 0, -1), (2.513033e-7, 8.586117e-8, -1), (7.33847e-7, -9.684007e-8, -1), (8.424283e-7, -3.3897103e-7, -1), (3.002395e-7, -3.7180925e-7, -1), (7.4681225e-7, -3.324747e-7, -1), (3.6816346e-7, 6.7682186e-7, -1), (-5.5102345e-7, 8.697272e-7, -1), (-2.4274945e-7, 1.2333106e-7, -1), (5.227932e-7, -3.9756347e-7, -1), (-9.796863e-7, -7.5927386e-7, -1), (-5.780584e-7, 0.000002420265, -1), (-0.000002135046, 0.0000013490068, -1), (-0.00000195552, 8.3561406e-7, -1), (-0.0000010002527, 3.735929e-7, -1), (0, -5.2831734e-7, -1), (-0.98953015, 0.14432628, -1.3061573e-7), (-0.97921675, -0.20281656, -7.01499e-8), (-0.97921675, -0.20281653, -7.0149916e-8), (-0.98953015, 0.14432631, -1.3061573e-7), (0.030810714, 0.019030798, 0.99934405), (0.035460927, 0.0073449705, 0.99934417), (-0.665253, 0.74661803, -1.7535102e-7), (-0.8804919, 0.4740612, -1.6930463e-7), (-0.8804919, 0.47406122, -1.6930463e-7), (-0.665253, 0.74661803, -1.7535102e-7), (-0.36977464, 0.9291215, -1.813976e-7), (-0.36977464, 0.9291215, -1.813976e-7), (-0.029696597, 0.999559, -1.6930464e-7), (-0.029696623, 0.999559, -1.6930466e-7), (0.31396338, 0.9494351, -1.2093186e-7), (0.31396338, 0.9494351, -1.2093186e-7), (0.6197551, 0.7847953, -6.046592e-8), (0.619755, 0.78479534, -6.046593e-8), (0.8507952, 0.5254974, 9.069887e-9), (0.8507952, 0.52549744, 9.069881e-9), (0.9792168, 0.20281668, 6.645344e-8), (0.9792168, 0.2028167, 6.645344e-8), (0.98953015, -0.14432627, 1.0726799e-7), (0.98953027, -0.14432625, 1.0726799e-7), (0.88049185, -0.47406146, 1.4662993e-7), (0.88049185, -0.47406146, 1.4662993e-7), (0.66525286, -0.74661815, 1.8139761e-7), (0.66525286, -0.74661815, 1.8139761e-7), (0.3697746, -0.9291215, 1.9349076e-7), (0.36977458, -0.9291215, 1.9349075e-7), (-0.013391718, 0.033647966, 0.99934405), (-0.0010753972, 0.03619885, 0.99934405), (-0.6197552, -0.7847953, 5.4419296e-8), (-0.6197552, -0.78479517, 5.441929e-8), (-0.8804919, 0.4740612, -1.6930463e-7), (-0.8804919, 0.47406122, -1.6930463e-7), (-0.011371081, -0.034383625, 0.9993441), (-0.022445016, -0.028421221, 0.99934405), (0.035836436, -0.0052267527, 0.99934405), (0.011371075, 0.034383625, 0.99934405), (-0.030810706, -0.019030795, 0.99934405), (-0.8507952, -0.52549744, 1.1483094e-15), (-0.8507952, -0.5254974, -8.038166e-15), (0.022445012, 0.028421221, 0.99934405), (-0.03546209, -0.0073449765, 0.99934405), (0.031887576, -0.017168054, 0.99934405), (-0.035835277, 0.0052267564, 0.99934405), (0.0240916, -0.027038647, 0.99934405), (-0.031886414, 0.017168062, 0.99934405), (0.013391721, -0.03364797, 0.9993441), (-0.024091598, 0.027038645, 0.99934405), (0.0010765708, -0.03619885, 0.99934405), (-0.59698343, -0.36872736, 0.7124963), (-0.68709147, -0.14231111, 0.7124977), (-0.68709147, -0.14231111, 0.71249765), (-0.59698343, -0.36872745, 0.7124963), (-0.694327, 0.10127025, 0.71249866), (-0.69432694, 0.10127021, 0.7124987), (-0.6178176, 0.33263725, 0.71249837), (-0.61781764, 0.33263725, 0.71249837), (-0.46679106, 0.523883, 0.71249753), (-0.46679106, 0.523883, 0.71249753), (-0.25946268, 0.6519406, 0.7124974), (-0.2594627, 0.6519406, 0.7124975), (-0.020838572, 0.701365, 0.7124977), (-0.020838544, 0.70136505, 0.71249765), (0.22029993, 0.66619456, 0.7124976), (0.22029997, 0.6661945, 0.7124976), (0.43486658, 0.5506708, 0.71249753), (0.43486673, 0.5506708, 0.71249753), (0.5969805, 0.36872828, 0.71249825), (0.5969806, 0.36872828, 0.7124982), (0.68709254, 0.14231154, 0.7124966), (0.68709254, 0.14231151, 0.7124966), (0.69433063, -0.10126987, 0.71249515), (0.69433063, -0.10126991, 0.7124952), (0.6178202, -0.33263612, 0.71249664), (0.6178202, -0.3326362, 0.71249664), (0.4667924, -0.52388227, 0.71249723), (0.46679237, -0.52388227, 0.71249723), (0.25946164, -0.6519409, 0.71249753), (0.25946167, -0.6519409, 0.7124976), (0.020835703, -0.7013652, 0.71249753), (0.020835698, -0.7013652, 0.7124976), (-0.22030148, -0.6661941, 0.7124976), (-0.22030148, -0.666194, 0.7124976), (-0.43486822, -0.5506702, 0.712497), (-0.43486822, -0.5506702, 0.712497), (2.3540058e-7, 0, 1), (2.3540058e-7, 0, 1), (2.3540058e-7, 0, 1), (2.3540058e-7, 0, 1), (2.3540058e-7, 0, 1), (2.3540058e-7, 0, 1), (2.3540058e-7, 0, 1), (2.3540058e-7, 0, 1), (2.3540058e-7, 0, 1), (2.3540058e-7, 0, 1), (2.3540058e-7, 0, 1), (2.3540058e-7, 0, 1), (2.3540058e-7, 0, 1), (2.3540058e-7, 0, 1), (2.3540058e-7, 0, 1), (2.3540058e-7, 0, 1), (2.3540058e-7, 0, 1), (2.3540058e-7, 0, 1)] (
                                    interpolation = "vertex"
                                )
                                point3f[] points = [(0.06104267, 0.036885306, -0.09488844), (0.06104267, 0.036885306, 0.52687645), (0.069921285, 0.013781999, 0.52687645), (0.069921285, 0.013781999, -0.09488844), (0.0012401544, -0.0710981, -0.09488844), (0.0012401544, -0.0710981, 0.52687645), (-0.0232072, -0.067235544, 0.52687645), (-0.0232072, -0.067235544, -0.09488844), (-0.04485913, -0.055244446, 0.52687645), (-0.04485913, -0.055244446, -0.09488844), (-0.06110409, -0.036571093, 0.52687645), (-0.06110409, -0.036571093, -0.09488844), (-0.06998269, -0.013467788, 0.52687645), (-0.06998269, -0.013467788, -0.09488844), (-0.07042406, 0.0112788845, 0.52687645), (-0.07042406, 0.0112788845, -0.09488844), (-0.062374957, 0.034684107, 0.52687645), (-0.062374957, 0.034684107, -0.09488844), (-0.04680621, 0.053924862, 0.52687645), (-0.04680621, 0.053924862, -0.09488844), (-0.025595644, 0.066680424, 0.52687645), (-0.025595644, 0.066680424, -0.09488844), (-0.0013015711, 0.0714123, 0.52687645), (-0.0013015711, 0.0714123, -0.09488844), (0.02314578, 0.06754976, 0.52687645), (0.02314578, 0.06754976, -0.09488844), (0.04479771, 0.05555866, 0.52687645), (0.04479771, 0.05555866, -0.09488844), (0.014168903, -0.007066563, -0.14491074), (0.013085332, 0.0027117818, -0.14491074), (0.023904394, 0.0048190644, -0.14350863), (0.024055414, -0.003648388, -0.14350863), (0.04674479, -0.05361065, -0.09488844), (0.04674479, -0.05361065, 0.52687645), (0.025534227, -0.06636622, 0.52687645), (0.025534227, -0.06636622, -0.09488844), (0.07036265, -0.010964671, -0.09488844), (0.07036265, -0.010964671, 0.52687645), (0.062313538, -0.034369893, 0.52687645), (0.062313538, -0.034369893, -0.09488844), (-0.057225935, 0.03183252, 0.52338815), (-0.064610265, 0.010360335, 0.52338815), (-0.0645616, 0.010352621, -0.09601917), (-0.05718284, 0.03180863, -0.09601917), (0.06414394, 0.012656717, 0.52338815), (0.055998612, 0.03385192, 0.52338815), (0.0559564, 0.033826508, -0.09601917), (0.06409559, 0.012647273, -0.09601917), (0.042881593, -0.04916996, 0.52338815), (0.057164516, -0.031518307, 0.52338815), (0.05712143, -0.03149447, -0.09601917), (0.042849265, -0.04913282, -0.09601917), (0.023422815, -0.060872037, 0.52338815), (0.023405148, -0.060826078, -0.09601917), (0.0011351925, -0.06521311, 0.52338815), (0.001134318, -0.06516388, -0.09601917), (-0.021293052, -0.061669573, 0.52338815), (-0.021277025, -0.061623015, -0.09601917), (-0.041156743, -0.050668824, 0.52338815), (-0.041125756, -0.050630555, -0.09601917), (-0.05606003, -0.03353771, 0.52338815), (-0.056017812, -0.033512346, -0.09601917), (-0.06420535, -0.012342505, 0.52338815), (-0.064156994, -0.012333112, -0.09601917), (-0.042943012, 0.049484175, 0.52338815), (-0.042910676, 0.04944698, -0.09601917), (-0.023484234, 0.06118625, 0.52338815), (-0.023466557, 0.06114024, -0.09601917), (-0.0011966111, 0.06552732, 0.52338815), (-0.0011957263, 0.06547804, -0.09601917), (0.02123163, 0.061983787, 0.52338815), (0.021215614, 0.061937176, -0.09601917), (0.041095324, 0.050983038, 0.52338815), (0.041064344, 0.050944716, -0.09601917), (0.069921285, 0.013781999, -0.09488844), (0.069921285, 0.013781999, 0.52687645), (0.06454885, -0.010046122, 0.52338815), (0.0645002, -0.01003846, -0.09601917), (-0.012195828, -0.013840782, -0.13627301), (-0.015298739, -0.0028167518, -0.13627301), (-0.024228571, -0.004556061, -0.13621415), (-0.021157272, -0.012547977, -0.13621415), (-0.008047936, -0.023155453, -0.13621415), (-0.01553779, -0.019007487, -0.13621415), (0.0645002, -0.01003846, -0.09601917), (0.06409559, 0.012647273, -0.09601917), (0.058703385, 0.011597007, -0.1157289), (0.059073966, -0.009181143, -0.1157289), (0.043842804, 0.008702539, -0.13072516), (0.04411962, -0.006818438, -0.13072516), (0.024167161, 0.0048702164, -0.13621415), (0.024319839, -0.0036901755, -0.13621415), (0.05712143, -0.03149447, -0.09601917), (0.05231566, -0.028832972, -0.1157289), (0.039071266, -0.021498064, -0.13072516), (0.021535484, -0.0117865335, -0.13621415), (0.042849265, -0.04913282, -0.09601917), (0.039243605, -0.044988163, -0.1157289), (0.029306628, -0.033565756, -0.13072516), (0.016149923, -0.018442314, -0.13621415), (0.023405148, -0.060826078, -0.09601917), (0.021434493, -0.05569817, -0.11572891), (0.01600349, -0.04156597, -0.13072516), (0.008812758, -0.022854723, -0.13621415), (0.001134318, -0.06516388, -0.09601917), (0.0010363531, -0.059671216, -0.11572891), (0.0007663673, -0.04453378, -0.13072516), (0.0004088996, -0.024491584, -0.13621415), (-0.021277025, -0.061623015, -0.09601917), (-0.01949048, -0.056428097, -0.1157289), (-0.0145668695, -0.042111218, -0.13072516), (-0.041125756, -0.050630555, -0.09601917), (-0.037670176, -0.04635996, -0.11572891), (-0.02814684, -0.034590468, -0.13072516), (-0.056017812, -0.033512346, -0.09601917), (-0.051310007, -0.030681174, -0.11572891), (-0.03833559, -0.022878647, -0.13072516), (-0.064156994, -0.012333112, -0.09601917), (-0.058764793, -0.011282847, -0.1157289), (-0.04390421, -0.00838838, -0.13072516), (-0.0645616, 0.010352621, -0.09601917), (-0.059135377, 0.009495304, -0.1157289), (-0.044181027, 0.0071325954, -0.13072516), (-0.024381252, 0.0040043294, -0.13621415), (-0.05718284, 0.03180863, -0.09601917), (-0.052377068, 0.029147137, -0.1157289), (-0.039132673, 0.021812227, -0.13072516), (-0.021596901, 0.012100705, -0.13621415), (-0.042910676, 0.04944698, -0.09601917), (-0.039305013, 0.045302324, -0.1157289), (-0.029368037, 0.033879917, -0.13072516), (-0.016211327, 0.018756479, -0.13621415), (-0.023466557, 0.06114024, -0.09601917), (-0.021495901, 0.056012332, -0.1157289), (-0.016064899, 0.041880134, -0.13072516), (-0.008874162, 0.023168882, -0.13621415), (-0.0011957263, 0.06547804, -0.09601917), (-0.0010977614, 0.059985377, -0.11572891), (-0.0008277757, 0.044847947, -0.13072516), (-0.00047030943, 0.02480574, -0.13621415), (0.021215614, 0.061937176, -0.09601917), (0.019429069, 0.05674226, -0.1157289), (0.014505462, 0.04242538, -0.13072516), (0.007986524, 0.023469608, -0.13621415), (0.041064344, 0.050944716, -0.09601917), (0.037608773, 0.04667412, -0.11572891), (0.028085435, 0.034904625, -0.13072516), (0.015476391, 0.019321641, -0.13621415), (0.0559564, 0.033826508, -0.09601917), (0.051248595, 0.030995335, -0.1157289), (0.038274184, 0.0231928, -0.13072516), (0.021095864, 0.012862129, -0.13621415), (-0.016560106, 0.008565974, -0.13627304), (-0.002499404, -0.013721014, -0.13627301), (-0.005333255, -0.0008757211, -0.13627301), (-0.0075275362, 0.012094133, -0.13627298), (0.0074661337, -0.011779975, -0.13627301), (0.0052718422, 0.0011898883, -0.13627301), (0.002437987, 0.014035166, -0.13627298), (0.01649869, -0.008251812, -0.13627301), (0.015237326, 0.003130911, -0.13627301), (0.012134414, 0.014154941, -0.13627301), (0.069921285, 0.013781999, -0.09488844), (0.07036265, -0.010964671, -0.09488844), (0.06364092, -0.009902675, -0.11989962), (0.063241705, 0.0124809835, -0.11989962), (0.049061585, -0.0075992225, -0.13443558), (0.04875377, 0.009659098, -0.13443558), (0.062313538, -0.034369893, -0.09488844), (0.056360405, -0.031072978, -0.11989962), (0.043448135, -0.023922011, -0.13443558), (0.021301294, -0.011656821, -0.14350863), (0.04674479, -0.05361065, -0.09488844), (0.04227829, -0.04847647, -0.11989962), (0.032590505, -0.037340496, -0.13443558), (0.015974231, -0.018240314, -0.14350863), (0.025534227, -0.06636622, -0.09488844), (0.023093078, -0.060014028, -0.11989962), (0.017798264, -0.046236224, -0.13443558), (0.00871671, -0.022604827, -0.14350863), (0.0012401544, -0.0710981, -0.09488844), (0.0011188012, -0.06429407, -0.11989962), (0.00085558987, -0.049536236, -0.13443558), (0.000404134, -0.024223909, -0.14350863), (-0.0232072, -0.067235544, -0.09488844), (-0.020994127, -0.06080035, -0.11989962), (-0.01619399, -0.046842493, -0.13443558), (-0.007960903, -0.022902276, -0.14350863), (-0.04485913, -0.055244446, -0.09488844), (-0.040578548, -0.04995425, -0.11989962), (-0.031294025, -0.03847991, -0.13443558), (-0.0153694125, -0.018799355, -0.14350863), (-0.06110409, -0.036571093, -0.09488844), (-0.05527231, -0.033063993, -0.11989962), (-0.042623255, -0.025457129, -0.13443558), (-0.020927861, -0.012410002, -0.14350863), (-0.06998269, -0.013467788, -0.09488844), (-0.06330311, -0.012166772, -0.11989962), (-0.04881519, -0.009344888, -0.13443558), (-0.023965813, -0.004504853, -0.14350863), (-0.07042406, 0.0112788845, -0.09488844), (-0.06370234, 0.010216886, -0.11989962), (-0.049123004, 0.007913436, -0.13443558), (-0.024116833, 0.0039625987, -0.14350863), (-0.062374957, 0.034684107, -0.09488844), (-0.056421824, 0.03138719, -0.11989962), (-0.043509554, 0.024236225, -0.13443558), (-0.021362713, 0.011971033, -0.14350863), (-0.04680621, 0.053924862, -0.09488844), (-0.04233971, 0.04879068, -0.11989962), (-0.032651927, 0.03765471, -0.13443558), (-0.016035652, 0.018554527, -0.14350863), (-0.025595644, 0.066680424, -0.09488844), (-0.023154497, 0.060328234, -0.11989962), (-0.017859682, 0.046550434, -0.13443558), (-0.008778128, 0.022919038, -0.14350863), (-0.0013015711, 0.0714123, -0.09488844), (-0.0011802189, 0.064608276, -0.11989962), (-0.00091700756, 0.049850445, -0.13443558), (-0.00046555224, 0.02453812, -0.14350863), (0.02314578, 0.06754976, -0.09488844), (0.020932706, 0.06111456, -0.11989962), (0.01613257, 0.047156706, -0.13443558), (0.007899485, 0.02321649, -0.14350863), (0.04479771, 0.05555866, -0.09488844), (0.040517133, 0.050268464, -0.11989962), (0.031232607, 0.038794123, -0.13443558), (0.015307995, 0.019113567, -0.14350863), (0.06104267, 0.036885306, -0.09488844), (0.055210892, 0.033378202, -0.11989962), (0.042561837, 0.025771342, -0.13443558), (0.020866442, 0.012724213, -0.14350863), (0.010419766, 0.012181995, -0.14491074), (0.0064094444, -0.0100974515, -0.14491077), (0.004524437, 0.0010443346, -0.1449108), (0.00209001, 0.012079106, -0.1449108), (-0.0021514273, -0.011764894, -0.14491077), (-0.0045858547, -0.00073012174, -0.14491077), (-0.0064708623, 0.010411663, -0.14491077), (-0.0104811825, -0.011867781, -0.14491074), (-0.013146747, -0.0023975698, -0.14491074), (-0.014230319, 0.007380776, -0.14491074), (0.069921285, 0.013781999, 0.52687645), (0.06414394, 0.012656717, 0.52338815), (0.06454885, -0.010046122, 0.52338815), (0.07036265, -0.010964671, 0.52687645), (0.057164516, -0.031518307, 0.52338815), (0.062313538, -0.034369893, 0.52687645), (0.042881593, -0.04916996, 0.52338815), (0.04674479, -0.05361065, 0.52687645), (0.023422815, -0.060872037, 0.52338815), (0.025534227, -0.06636622, 0.52687645), (0.0011351925, -0.06521311, 0.52338815), (0.0012401544, -0.0710981, 0.52687645), (-0.021293052, -0.061669573, 0.52338815), (-0.0232072, -0.067235544, 0.52687645), (-0.041156743, -0.050668824, 0.52338815), (-0.04485913, -0.055244446, 0.52687645), (-0.05606003, -0.03353771, 0.52338815), (-0.06110409, -0.036571093, 0.52687645), (-0.06420535, -0.012342505, 0.52338815), (-0.06998269, -0.013467788, 0.52687645), (-0.064610265, 0.010360335, 0.52338815), (-0.07042406, 0.0112788845, 0.52687645), (-0.057225935, 0.03183252, 0.52338815), (-0.062374957, 0.034684107, 0.52687645), (-0.042943012, 0.049484175, 0.52338815), (-0.04680621, 0.053924862, 0.52687645), (-0.023484234, 0.06118625, 0.52338815), (-0.025595644, 0.066680424, 0.52687645), (-0.0011966111, 0.06552732, 0.52338815), (-0.0013015711, 0.0714123, 0.52687645), (0.02123163, 0.061983787, 0.52338815), (0.02314578, 0.06754976, 0.52687645), (0.041095324, 0.050983038, 0.52338815), (0.04479771, 0.05555866, 0.52687645), (0.055998612, 0.03385192, 0.52338815), (0.06104267, 0.036885306, 0.52687645), (0.06414394, 0.012656717, 0.52338815), (0.069921285, 0.013781999, 0.52687645), (0.06414394, 0.012656717, 0.52338815), (0.06409559, 0.012647273, -0.09601917), (-0.055896487, 0.027652385, 0.4056563), (-0.055031512, 0.03067348, -0.09220567), (-0.0621527, 0.010009923, -0.09221331), (-0.06322926, 0.0073886374, 0.39936873), (0.06343955, 0.010920982, 0.3918624), (0.06170648, 0.012186073, -0.09221702), (0.053850796, 0.032607194, -0.092213236), (0.055870984, 0.030559028, 0.3993558), (0.04142273, -0.04594391, 0.37223393), (0.041210033, -0.04733708, -0.09219608), (0.054963037, -0.030371806, -0.09220615), (0.055677358, -0.029808113, 0.37752712), (0.022338934, -0.05675005, 0.36946434), (0.022515569, -0.05856505, -0.09218955), (0.000670293, -0.061047073, 0.36968017), (0.0011208873, -0.06273396, -0.09219004), (-0.021093594, -0.058282483, 0.37271482), (-0.020429362, -0.059343908, -0.09219706), (-0.040411226, -0.048621353, 0.37788555), (-0.03954978, -0.04877713, -0.09220674), (-0.05496089, -0.033110086, 0.38441393), (-0.053915307, -0.03228755, -0.09221447), (-0.06290122, -0.013682962, 0.3918643), (-0.06176939, -0.011863941, -0.09221702), (-0.04172195, 0.04455384, 0.41012612), (-0.041284636, 0.047639567, -0.09219791), (-0.022385765, 0.05585145, 0.41254783), (-0.022576649, 0.058878835, -0.092192955), (-0.00024948493, 0.060073793, 0.41275507), (-0.0011612665, 0.063048236, -0.0921925), (0.021963082, 0.05675052, 0.4106025), (0.020389125, 0.059650976, -0.09219699), (0.041471336, 0.046451326, 0.40599704), (0.03949306, 0.04908787, -0.0922051), (-0.012177768, -0.013818889, -0.13033126), (-0.02082032, -0.01234652, -0.13030355), (-0.023844408, -0.0044812346, -0.13030337), (-0.015281044, -0.0028133006, -0.1303313), (-0.007922041, -0.022785671, -0.13030328), (-0.015286574, -0.01869705, -0.13030447), (0.06209132, -0.009694994, -0.0922144), (0.056969732, -0.00884868, -0.11102373), (0.05661234, 0.011189721, -0.11102373), (0.06170648, 0.012186073, -0.09221702), (0.04284387, -0.00661687, -0.12515071), (0.04257505, 0.008455609, -0.12515071), (0.023931962, -0.0036298966, -0.13030355), (0.023783058, 0.0047954004, -0.13030337), (0.054963037, -0.030371806, -0.09220615), (0.050452035, -0.02780086, -0.11102373), (0.037941396, -0.02087231, -0.12515071), (0.021186177, -0.011593064, -0.13030447), (0.041210033, -0.04733708, -0.09219608), (0.037845377, -0.043380886, -0.11102373), (0.028458921, -0.0325913, -0.12515071), (0.0158945, -0.018146804, -0.13030328), (0.022515569, -0.05856505, -0.09218955), (0.02067031, -0.053709593, -0.11102373), (0.015540189, -0.04036033, -0.12515071), (0.0086742705, -0.022492174, -0.13030292), (0.0011208873, -0.06273396, -0.09219004), (0.0009983896, -0.057541188, -0.11102373), (0.0007433618, -0.043242384, -0.12515071), (0.00040124924, -0.02410355, -0.13030292), (-0.020429362, -0.059343908, -0.09219706), (-0.01879764, -0.05441353, -0.11102373), (-0.014146802, -0.040889826, -0.12515071), (-0.03954978, -0.04877713, -0.09220674), (-0.0363301, -0.044703845, -0.11102373), (-0.027334362, -0.033586394, -0.12515071), (-0.053915307, -0.03228755, -0.09221447), (-0.04948432, -0.029583259, -0.11102373), (-0.037228703, -0.022212999, -0.12515071), (-0.06176939, -0.011863941, -0.09221702), (-0.056673694, -0.010875558, -0.11102373), (-0.042636406, -0.008141446, -0.12515071), (-0.0621527, 0.010009923, -0.09221331), (-0.057031088, 0.009162843, -0.11102373), (-0.04290523, 0.006931031, -0.12515071), (-0.023993311, 0.003944059, -0.13030355), (-0.055031512, 0.03067348, -0.09220567), (-0.05051339, 0.028115021, -0.11102373), (-0.038002748, 0.02118648, -0.12515071), (-0.021247517, 0.011907229, -0.13030447), (-0.041284636, 0.047639567, -0.09219791), (-0.037906725, 0.043695047, -0.11102373), (-0.028520273, 0.032905452, -0.12515071), (-0.015955847, 0.01846096, -0.13030328), (-0.022576649, 0.058878835, -0.092192955), (-0.020731663, 0.05402375, -0.11102373), (-0.015601542, 0.040674493, -0.12515071), (-0.008735618, 0.022806328, -0.13030292), (-0.0011612665, 0.063048236, -0.0921925), (-0.0010597439, 0.05785535, -0.11102373), (-0.0008047138, 0.043556545, -0.12515071), (-0.00046260506, 0.024417706, -0.13030292), (0.020389125, 0.059650976, -0.09219699), (0.018736288, 0.054727685, -0.11102373), (0.014085451, 0.041203987, -0.12515071), (0.00786068, 0.023099829, -0.13030328), (0.03949306, 0.04908787, -0.0922051), (0.036268745, 0.045018002, -0.11102373), (0.027273014, 0.033900555, -0.12515071), (0.015225228, 0.019011209, -0.13030447), (0.053850796, 0.032607194, -0.092213236), (0.049422964, 0.029897423, -0.11102373), (0.037167344, 0.022527158, -0.12515071), (0.020758966, 0.0126606785, -0.13030355), (-0.016535133, 0.008552448, -0.13033126), (-0.0024999536, -0.013706465, -0.13033131), (-0.0053332313, -0.00087571214, -0.13033132), (-0.0075225863, 0.01208043, -0.13033125), (0.0074612363, -0.0117662735, -0.13033131), (0.005271867, 0.0011898944, -0.13033132), (0.0024385871, 0.014020618, -0.13033125), (0.016473785, -0.008238287, -0.13033126), (0.015219683, 0.0031274732, -0.1303313), (0.012116403, 0.014133049, -0.13033126), (0.06209132, -0.009694994, -0.0922144), (0.06334622, -0.010095424, 0.3843995), (0.06170648, 0.012186073, -0.09221702), (0.06343955, 0.010920982, 0.3918624), (-0.04262565, -0.009282109, 0.3945621), (-0.06322926, 0.0073886374, 0.39936873), (-0.06290122, -0.013682962, 0.3918643), (-0.05496089, -0.033110086, 0.38441393), (-0.031295735, 0.014026879, 0.40217558), (-0.055896487, 0.027652385, 0.4056563), (-0.016189309, 0.03542844, 0.40859327), (-0.04172195, 0.04455384, 0.41012612), (-0.00024948493, 0.060073793, 0.41275507), (-0.022385765, 0.05585145, 0.41254783), (-0.025161983, -0.022703592, 0.38843772), (-0.040411226, -0.048621353, 0.37788555), (-0.01057228, 0.0032565186, 0.3970341), (0.005318373, 0.028627018, 0.40502217), (0.021963082, 0.05675052, 0.4106025), (-0.0044099228, -0.033294935, 0.38274506), (-0.021093594, -0.058282483, 0.37271482), (0.011516525, -0.008107665, 0.3912217), (0.026103843, 0.017865412, 0.39978936), (0.041471336, 0.046451326, 0.40599704), (0.017035088, -0.03976889, 0.37828568), (0.000670293, -0.061047073, 0.36968017), (0.032196317, -0.018649755, 0.38546392), (0.043553293, 0.0045209546, 0.3934579), (0.055870984, 0.030559028, 0.3993558), (0.04142273, -0.04594391, 0.37223393), (0.022338934, -0.05675005, 0.36946434), (0.055677358, -0.029808113, 0.37752712), (0.06334622, -0.010095424, 0.3843995), (0.06343955, 0.010920982, 0.3918624), (0.052462913, 0.06662966, 0.54072034), (0.05246292, 0.066629656, 0.6635511), (0.072032124, 0.044666994, 0.6635511), (0.07203212, 0.044667, 0.54072034), (0.08290949, 0.0173358, 0.54072034), (0.08290949, 0.017335793, 0.6635511), (0.083783045, -0.012067422, 0.6635511), (0.08378304, -0.012067415, 0.54072034), (0.026562197, 0.08057476, 0.54072034), (0.026562203, 0.08057475, 0.6635511), (-0.07209351, -0.04435282, 0.54072034), (-0.0720935, -0.044352826, 0.6635511), (-0.08297087, -0.017021615, 0.6635511), (-0.08297088, -0.01702161, 0.54072034), (0.01837102, 0.055804405, 0.5260624), (0.016128007, 0.04902147, 0.48085546), (-0.001559071, 0.05160119, 0.48085546), (-0.0017712263, 0.058742214, 0.5260624), (-0.08384443, 0.012381606, 0.6635511), (-0.08384444, 0.012381613, 0.54072034), (0.074547425, -0.039996188, 0.6635511), (0.074547425, -0.03999618, 0.54072034), (-0.07460881, 0.040310353, 0.6635511), (-0.07460882, 0.040310364, 0.54072034), (0.056316584, -0.063081846, 0.54072034), (0.056316584, -0.06308185, 0.6635511), (0.031289436, -0.07853998, 0.6635511), (0.031289432, -0.078539975, 0.54072034), (0.074547425, -0.03999618, 0.54072034), (0.074547425, -0.039996188, 0.6635511), (-0.05637797, 0.063396044, 0.6635511), (-0.056377973, 0.063396044, 0.54072034), (0.002484618, -0.084506094, 0.6635511), (0.0024846143, -0.08450609, 0.54072034), (-0.031350818, 0.07885417, 0.6635511), (-0.03135082, 0.07885417, 0.54072034), (-0.026623594, -0.08026057, 0.6635511), (-0.0266236, -0.08026056, 0.54072034), (-0.0025459991, 0.08482026, 0.6635511), (-0.0025460066, 0.08482028, 0.54072034), (-0.052524302, -0.06631548, 0.6635511), (-0.052524306, -0.06631547, 0.54072034), (0.08290949, 0.0173358, 0.54072034), (0.081118025, 0.016964749, 0.5339963), (0.070475586, 0.04370561, 0.5339963), (0.07203212, 0.044667, 0.54072034), (0.07622366, 0.015951015, 0.52907395), (0.0662231, 0.041079044, 0.52907395), (0.06953782, 0.014566233, 0.5272723), (0.060414102, 0.03749109, 0.5272723), (0.08378304, -0.012067415, 0.54072034), (0.08197271, -0.01180337, 0.5339963), (0.07702679, -0.01108199, 0.52907395), (0.07027054, -0.0100965705, 0.5272723), (0.074547425, -0.03999618, 0.54072034), (0.07293658, -0.039128896, 0.5339963), (0.06853566, -0.03675941, 0.52907395), (0.0625239, -0.033522632, 0.5272723), (0.056316584, -0.063081846, 0.54072034), (0.055099513, -0.06171593, 0.5339963), (0.07293658, -0.039128896, 0.5339963), (0.074547425, -0.03999618, 0.54072034), (0.05177441, -0.057984147, 0.52907395), (0.06853566, -0.03675941, 0.52907395), (0.047232233, -0.052886438, 0.5272723), (0.0625239, -0.033522632, 0.5272723), (0.031289432, -0.078539975, 0.54072034), (0.030612936, -0.07684017, 0.5339963), (0.028764708, -0.072196186, 0.52907395), (0.026239986, -0.06585239, 0.5272723), (0.0024846143, -0.08450609, 0.54072034), (0.0024302846, -0.08267741, 0.5339963), (0.002281843, -0.07768136, 0.52907395), (0.0020790792, -0.07085664, 0.5272723), (-0.0266236, -0.08026056, 0.54072034), (-0.026049206, -0.078523576, 0.5339963), (-0.024479937, -0.07377807, 0.52907395), (-0.02233628, -0.06729557, 0.5272723), (-0.052524306, -0.06631547, 0.54072034), (-0.051390477, -0.06487971, 0.5339963), (-0.04829278, -0.060957108, 0.52907395), (-0.04406125, -0.055598732, 0.5272723), (-0.07209351, -0.04435282, 0.54072034), (-0.07053698, -0.043391425, 0.5339963), (-0.06628449, -0.040764853, 0.52907395), (-0.060475495, -0.0371769, 0.5272723), (-0.08297088, -0.01702161, 0.54072034), (-0.08117942, -0.016650556, 0.5339963), (-0.07628505, -0.015636818, 0.52907395), (-0.06959921, -0.014252037, 0.5272723), (-0.08384444, 0.012381613, 0.54072034), (-0.08203411, 0.012117572, 0.5339963), (-0.077088185, 0.011396192, 0.52907395), (-0.07033194, 0.010410769, 0.5272723), (-0.07460882, 0.040310364, 0.54072034), (-0.072997965, 0.039443072, 0.5339963), (-0.068597056, 0.037073594, 0.52907395), (-0.062585294, 0.03383682, 0.5272723), (-0.056377973, 0.063396044, 0.54072034), (-0.055160906, 0.062030114, 0.5339963), (-0.051835798, 0.05829833, 0.52907395), (-0.047293626, 0.05320062, 0.5272723), (-0.03135082, 0.07885417, 0.54072034), (-0.030674329, 0.07715436, 0.5339963), (-0.0288261, 0.07251038, 0.52907395), (-0.026301378, 0.06616658, 0.5272723), (-0.0025460066, 0.08482028, 0.54072034), (-0.002491677, 0.08299159, 0.5339963), (-0.002343239, 0.07799555, 0.52907395), (-0.0021404752, 0.07117083, 0.5272723), (0.026562197, 0.08057476, 0.54072034), (0.025987806, 0.078837775, 0.5339963), (0.024418533, 0.07409226, 0.52907395), (0.022274878, 0.06760977, 0.5272723), (0.052462913, 0.06662966, 0.54072034), (0.05132908, 0.0651939, 0.5339963), (0.048231386, 0.0612713, 0.52907395), (0.043999854, 0.055912923, 0.5272723), (0.04983523, 0.030957006, 0.5260624), (0.05736214, 0.012044385, 0.5260624), (0.05796662, -0.008301998, 0.5260624), (0.051575772, -0.027628098, 0.5260624), (0.051575772, -0.027628098, 0.5260624), (0.038960412, -0.043602914, 0.5260624), (0.021642167, -0.0542996, 0.5260624), (0.0017098284, -0.05842802, 0.5260624), (-0.018432423, -0.055490207, 0.5260624), (-0.036355145, -0.04584051, 0.5260624), (-0.049896624, -0.030642811, 0.5260624), (-0.057423532, -0.0117301885, 0.5260624), (-0.05802802, 0.0086162, 0.5260624), (-0.051637173, 0.027942294, 0.5260624), (-0.03902181, 0.0439171, 0.5260624), (-0.021703564, 0.05461379, 0.5260624), (-0.0017712263, 0.058742214, 0.5260624), (0.01837102, 0.055804405, 0.5260624), (0.036293752, 0.0461547, 0.5260624), (-0.049896624, -0.030642811, 0.5260624), (-0.043818396, -0.02688857, 0.48085546), (-0.03192751, -0.040233802, 0.48085546), (-0.036355145, -0.04584051, 0.5260624), (0.05796662, -0.008301998, 0.5260624), (0.050897248, -0.00727091, 0.48085546), (0.050366446, 0.010595423, 0.48085546), (0.05736214, 0.012044385, 0.5260624), (0.036293752, 0.0461547, 0.5260624), (0.03186612, 0.04054798, 0.48085546), (-0.057423532, -0.0117301885, 0.5260624), (-0.05042784, -0.010281236, 0.48085546), (0.051575772, -0.027628098, 0.5260624), (0.04528539, -0.02424132, 0.48085546), (0.04983523, 0.030957006, 0.5260624), (0.043757003, 0.027202757, 0.48085546), (-0.05802802, 0.0086162, 0.5260624), (-0.05095864, 0.0075851064, 0.48085546), (0.038960412, -0.043602914, 0.5260624), (0.03420773, -0.038268942, 0.48085546), (0.04528539, -0.02424132, 0.48085546), (0.051575772, -0.027628098, 0.5260624), (-0.051637173, 0.027942294, 0.5260624), (-0.04534679, 0.02455552, 0.48085546), (0.021642167, -0.0542996, 0.5260624), (0.019000432, -0.047661796, 0.48085546), (-0.03902181, 0.0439171, 0.5260624), (-0.034269124, 0.038583126, 0.48085546), (0.0017098284, -0.05842802, 0.5260624), (0.0014976731, -0.051287, 0.48085546), (-0.021703564, 0.05461379, 0.5260624), (-0.019061824, 0.047975983, 0.48085546), (-0.018432423, -0.055490207, 0.5260624), (-0.016189408, -0.04870728, 0.48085546), (0.07402561, 0.015495744, 0.67626184), (0.08071484, 0.016881227, 0.6717884), (0.07012531, 0.043489244, 0.6717884), (0.064313345, 0.039899457, 0.67626184), (0.08290949, 0.017335793, 0.6635511), (0.072032124, 0.044666994, 0.6635511), (0.074805595, -0.010758029, 0.67626184), (0.08156528, -0.011743955, 0.6717884), (0.083783045, -0.012067422, 0.6635511), (0.007928399, 0.024225613, 0.6706088), (-0.00078350375, 0.02549627, 0.6706088), (-0.00078349723, 0.02549626, 0.60121614), (0.007928406, 0.024225602, 0.60121614), (0.06655922, -0.035695303, 0.67626184), (0.07257405, -0.038933713, 0.6717884), (0.074547425, -0.039996188, 0.6635511), (0.050281126, -0.05630821, 0.67626184), (0.054825608, -0.061408523, 0.6717884), (0.056316584, -0.06308185, 0.6635511), (0.027934667, -0.07011059, 0.67626184), (0.030460684, -0.07645762, 0.6717884), (0.031289436, -0.07853998, 0.6635511), (0.002215205, -0.07543766, 0.67626184), (0.002418062, -0.082265854, 0.6717884), (0.002484618, -0.084506094, 0.6635511), (-0.02377518, -0.07164688, 0.67626184), (-0.025919931, -0.078132674, 0.6717884), (-0.026623594, -0.08026057, 0.6635511), (-0.046901606, -0.05919548, 0.67626184), (-0.051135287, -0.06455658, 0.6717884), (-0.052524302, -0.06631548, 0.6635511), (-0.06437472, -0.03958529, 0.67626184), (-0.07018669, -0.043175075, 0.6717884), (-0.0720935, -0.044352826, 0.6635511), (-0.074086994, -0.0151815675, 0.67626184), (-0.08077622, -0.016567053, 0.6717884), (-0.08297087, -0.017021615, 0.6635511), (-0.07486698, 0.011072205, 0.67626184), (-0.08162667, 0.012058139, 0.6717884), (-0.08384443, 0.012381606, 0.6635511), (-0.0666206, 0.036009464, 0.67626184), (-0.07263543, 0.039247874, 0.6717884), (-0.07460881, 0.040310353, 0.6635511), (-0.050342508, 0.05662238, 0.67626184), (-0.05488699, 0.061722692, 0.6717884), (-0.05637797, 0.063396044, 0.6635511), (-0.027996056, 0.070424765, 0.67626184), (-0.030522069, 0.076771796, 0.6717884), (-0.031350818, 0.07885417, 0.6635511), (-0.0022765824, 0.07575183, 0.67626184), (-0.0024794394, 0.08258003, 0.6717884), (-0.0025459991, 0.08482026, 0.6635511), (0.023713788, 0.07196105, 0.67626184), (0.025858535, 0.07844685, 0.6717884), (0.026562203, 0.08057475, 0.6635511), (0.046840224, 0.059509646, 0.67626184), (0.0510739, 0.06487075, 0.6717884), (0.05246292, 0.066629656, 0.6635511), (0.043757003, 0.027202757, 0.48085546), (0.050366446, 0.010595423, 0.48085546), (0.050897248, -0.00727091, 0.48085546), (0.03944891, 0.006896278, 0.48085546), (0.04528539, -0.02424132, 0.48085546), (0.029547267, -0.015767843, 0.48085546), (0.03420773, -0.038268942, 0.48085546), (0.016078075, -0.036511198, 0.48085546), (0.019000432, -0.047661796, 0.48085546), (0.0014976731, -0.051287, 0.48085546), (0.03186612, 0.04054798, 0.48085546), (0.023085061, 0.019965159, 0.48085546), (0.010241617, -0.005373576, 0.48085546), (-0.0038408188, -0.030045236, 0.48085546), (-0.016189408, -0.04870728, 0.48085546), (0.016128007, 0.04902147, 0.48085546), (0.0037794209, 0.030359428, 0.48085546), (-0.01030302, 0.0056877686, 0.48085546), (-0.02314646, -0.01965097, 0.48085546), (-0.03192751, -0.040233802, 0.48085546), (-0.001559071, 0.05160119, 0.48085546), (-0.016139472, 0.036825374, 0.48085544), (-0.029608661, 0.016082034, 0.48085544), (-0.0395103, -0.006582083, 0.48085544), (-0.043818396, -0.02688857, 0.48085546), (-0.019061824, 0.047975983, 0.48085546), (-0.034269124, 0.038583126, 0.48085546), (-0.04534679, 0.02455552, 0.48085546), (-0.05095864, 0.0075851064, 0.48085546), (-0.05042784, -0.010281236, 0.48085546), (0.025054254, -0.0035016334, 0.6706088), (0.024792807, 0.005298577, 0.6706088), (0.024792815, 0.005298565, 0.60121614), (0.025054261, -0.0035016446, 0.60121614), (0.027765887, 0.017325768, 0.67781854), (0.031961583, 0.006783384, 0.67781854), (0.016833719, -0.018769942, 0.6706088), (0.02229009, -0.01186055, 0.6706088), (0.022290098, -0.011860562, 0.60121614), (0.016833726, -0.018769953, 0.60121614), (0.009343221, -0.02339648, 0.6706088), (0.009343228, -0.023396492, 0.60121614), (0.0007221198, -0.025182094, 0.6706088), (0.00072212634, -0.025182106, 0.60121614), (-0.007989791, -0.023911439, 0.6706088), (-0.007989785, -0.023911448, 0.60121614), (-0.015741719, -0.019737758, 0.6706088), (-0.015741711, -0.019737769, 0.60121614), (-0.021598665, -0.013164466, 0.6706088), (-0.021598658, -0.013164477, 0.60121614), (-0.024854193, -0.0049844035, 0.6706088), (-0.024854185, -0.004984415, 0.60121614), (-0.025115643, 0.003815811, 0.6706088), (-0.025115637, 0.0038158007, 0.60121614), (-0.02235148, 0.012174715, 0.6706088), (-0.022351474, 0.012174704, 0.60121614), (-0.016895102, 0.019084122, 0.6706088), (-0.016895097, 0.01908411, 0.60121614), (-0.009404611, 0.023710653, 0.6706088), (-0.009404603, 0.023710642, 0.60121614), (-0.012111706, 0.030512683, 0.67781854), (-0.0010009098, 0.032813963, 0.67781854), (0.015680335, 0.02005193, 0.6706088), (0.015680343, 0.020051917, 0.60121614), (0.02229009, -0.01186055, 0.6706088), (0.022290098, -0.011860562, 0.60121614), (-0.010288297, -0.030862179, 0.67781854), (-0.020278903, -0.025483182, 0.67781854), (0.03229853, -0.0045582335, 0.67781854), (0.010226903, 0.031176358, 0.67781854), (-0.027827276, -0.017011592, 0.67781854), (0.02153728, 0.013478639, 0.6706088), (0.021537287, 0.013478627, 0.60121614), (0.020217516, 0.025797356, 0.67781854), (-0.032022964, -0.006469207, 0.67781854), (0.028736105, -0.015331119, 0.67781854), (-0.03235992, 0.004872415, 0.67781854), (0.021703985, -0.024235874, 0.67781854), (-0.028797496, 0.015645288, 0.67781854), (0.012050314, -0.030198507, 0.67781854), (-0.021765372, 0.024550062, 0.67781854), (0.00093952497, -0.032499794, 0.67781854), (0.02153728, 0.013478639, 0.6706088), (0.024792807, 0.005298577, 0.6706088), (0.031961583, 0.006783384, 0.67781854), (0.027765887, 0.017325768, 0.67781854), (0.025054254, -0.0035016334, 0.6706088), (0.03229853, -0.0045582335, 0.67781854), (0.02229009, -0.01186055, 0.6706088), (0.028736105, -0.015331119, 0.67781854), (0.016833719, -0.018769942, 0.6706088), (0.021703985, -0.024235874, 0.67781854), (0.009343221, -0.02339648, 0.6706088), (0.012050314, -0.030198507, 0.67781854), (0.0007221198, -0.025182094, 0.6706088), (0.00093952497, -0.032499794, 0.67781854), (-0.007989791, -0.023911439, 0.6706088), (-0.010288297, -0.030862179, 0.67781854), (-0.015741719, -0.019737758, 0.6706088), (-0.020278903, -0.025483182, 0.67781854), (-0.021598665, -0.013164466, 0.6706088), (-0.027827276, -0.017011592, 0.67781854), (-0.024854193, -0.0049844035, 0.6706088), (-0.032022964, -0.006469207, 0.67781854), (-0.025115643, 0.003815811, 0.6706088), (-0.03235992, 0.004872415, 0.67781854), (-0.02235148, 0.012174715, 0.6706088), (-0.028797496, 0.015645288, 0.67781854), (-0.016895102, 0.019084122, 0.6706088), (-0.021765372, 0.024550062, 0.67781854), (-0.009404611, 0.023710653, 0.6706088), (-0.012111706, 0.030512683, 0.67781854), (-0.00078350375, 0.02549627, 0.6706088), (-0.0010009098, 0.032813963, 0.67781854), (0.007928399, 0.024225613, 0.6706088), (0.010226903, 0.031176358, 0.67781854), (0.015680335, 0.02005193, 0.6706088), (0.020217516, 0.025797356, 0.67781854), (0.007928406, 0.024225602, 0.60121614), (-0.00078349723, 0.02549626, 0.60121614), (-0.009404603, 0.023710642, 0.60121614), (-0.016895097, 0.01908411, 0.60121614), (-0.022351474, 0.012174704, 0.60121614), (-0.025115637, 0.0038158007, 0.60121614), (-0.024854185, -0.004984415, 0.60121614), (-0.021598658, -0.013164477, 0.60121614), (-0.015741711, -0.019737769, 0.60121614), (-0.007989785, -0.023911448, 0.60121614), (0.00072212634, -0.025182106, 0.60121614), (0.009343228, -0.023396492, 0.60121614), (0.016833726, -0.018769953, 0.60121614), (0.022290098, -0.011860562, 0.60121614), (0.025054261, -0.0035016446, 0.60121614), (0.024792815, 0.005298565, 0.60121614), (0.021537287, 0.013478627, 0.60121614), (0.015680343, 0.020051917, 0.60121614)]
                                texCoord2f[] primvars:st0 = [(0.52533144, 0.9990385), (0.52533144, 0.6456289), (0.51126325, 0.6456289), (0.51126325, 0.9990385), (0.6941496, 0.9990386), (0.6941496, 0.64562905), (0.6800814, 0.645629), (0.6800814, 0.9990386), (0.66601324, 0.645629), (0.66601324, 0.9990386), (0.6519451, 0.645629), (0.6519451, 0.9990386), (0.63787687, 0.645629), (0.63787687, 0.9990386), (0.6238087, 0.645629), (0.6238087, 0.9990386), (0.6097405, 0.645629), (0.6097405, 0.9990386), (0.59567237, 0.645629), (0.59567237, 0.9990386), (0.5816041, 0.645629), (0.5816041, 0.9990385), (0.567536, 0.645629), (0.567536, 0.9990385), (0.5534678, 0.645629), (0.5534678, 0.9990385), (0.5393996, 0.645629), (0.5393996, 0.9990385), (0.3245284, 0.24008429), (0.31981647, 0.24060917), (0.3199578, 0.24600053), (0.32399082, 0.2451601), (0.722286, 0.9990386), (0.722286, 0.64562905), (0.7082178, 0.64562905), (0.7082178, 0.9990386), (0.75042236, 0.9990386), (0.75042236, 0.64562905), (0.7363542, 0.64562905), (0.7363542, 0.9990386), (0.61140025, 0.29044175), (0.59849393, 0.2904411), (0.59848416, 0.64251065), (0.61138076, 0.64251125), (0.70174426, 0.2904554), (0.688838, 0.29045242), (0.68876016, 0.6425219), (0.7016567, 0.64252496), (0.50815, 0.29044735), (0.49524367, 0.29044974), (0.49531168, 0.64251924), (0.5082083, 0.6425169), (0.52105623, 0.29044545), (0.5211048, 0.64251494), (0.5339625, 0.29044384), (0.5340014, 0.6425134), (0.5468688, 0.29044247), (0.5468979, 0.6425121), (0.5597751, 0.29044163), (0.5597945, 0.64251125), (0.5726814, 0.2904411), (0.572691, 0.64251065), (0.58558774, 0.29044092), (0.5855876, 0.64251053), (0.62430656, 0.29044247), (0.62427735, 0.6425121), (0.6372129, 0.29044384), (0.6371739, 0.6425134), (0.6501191, 0.29044545), (0.6500704, 0.64251494), (0.6630254, 0.29044735), (0.66296697, 0.6425169), (0.6759317, 0.29044974), (0.67586356, 0.64251924), (0.76449054, 0.9990386), (0.76449054, 0.64562905), (0.4823374, 0.29045242), (0.4824151, 0.64252186), (0.5054552, 0.23869455), (0.5093763, 0.23459244), (0.5063739, 0.23122513), (0.503752, 0.23455197), (0.50251836, 0.24280393), (0.50241137, 0.23856413), (0.53114057, 0.28435445), (0.54520845, 0.2761994), (0.5367978, 0.26597542), (0.5267035, 0.27196175), (0.52943826, 0.25743216), (0.52264225, 0.26138663), (0.5226079, 0.24957222), (0.5189665, 0.25178713), (0.5152587, 0.28727913), (0.5152189, 0.27425587), (0.51499075, 0.26302046), (0.51479316, 0.25262427), (0.4994947, 0.28475547), (0.5035694, 0.27254033), (0.5072797, 0.26168376), (0.510598, 0.2519632), (0.48475114, 0.27736497), (0.4933841, 0.26666474), (0.5003612, 0.25799602), (0.5068748, 0.24993855), (0.47389024, 0.2645892), (0.48557332, 0.2578807), (0.4952892, 0.25201786), (0.5040673, 0.24675047), (0.46821007, 0.24909866), (0.4813201, 0.24690211), (0.49235892, 0.2447747), (0.4682097, 0.2327717), (0.4811817, 0.2351706), (0.49233985, 0.23697555), (0.47371402, 0.21753573), (0.48499298, 0.22408807), (0.49474737, 0.22962606), (0.48391002, 0.20523632), (0.49224937, 0.21500278), (0.49954903, 0.22351241), (0.4973309, 0.19715822), (0.5020791, 0.20877218), (0.50615644, 0.2193625), (0.50998306, 0.22898543), (0.5127185, 0.193362), (0.513504, 0.2064563), (0.51383597, 0.21768391), (0.514159, 0.22810757), (0.5292388, 0.19509852), (0.5251031, 0.20824444), (0.521583, 0.218956), (0.5183811, 0.22873652), (0.54385316, 0.2030704), (0.5357284, 0.21352935), (0.5286015, 0.22257382), (0.5221363, 0.23077607), (0.55544555, 0.21532732), (0.5434392, 0.2226417), (0.5337304, 0.22858942), (0.5249447, 0.2339747), (0.5614019, 0.23133409), (0.54793084, 0.23367667), (0.53675544, 0.23589528), (0.5265217, 0.23793155), (0.5614019, 0.24807012), (0.54812473, 0.24560559), (0.5367996, 0.24378347), (0.52663577, 0.24220622), (0.55573833, 0.26363945), (0.54422265, 0.25685525), (0.5343348, 0.25122654), (0.52525735, 0.2462424), (0.513923, 0.23116887), (0.50794137, 0.24280703), (0.5127213, 0.23836362), (0.51772046, 0.23415017), (0.5112738, 0.24658477), (0.5162769, 0.24238753), (0.521069, 0.2379365), (0.5150504, 0.24957395), (0.5196146, 0.24617451), (0.5235669, 0.24206847), (0.320149, 0.28728038), (0.338601, 0.28403395), (0.33264577, 0.26767337), (0.32031268, 0.27013576), (0.32878464, 0.2573771), (0.32025778, 0.25915456), (0.3551494, 0.27431726), (0.3432176, 0.26097083), (0.33615124, 0.25276244), (0.3274759, 0.24299383), (0.36629176, 0.25888973), (0.35113162, 0.25125396), (0.34147388, 0.24596691), (0.33003545, 0.23978555), (0.37118322, 0.24153388), (0.35522097, 0.23939961), (0.34434038, 0.23782629), (0.3313133, 0.23588002), (0.3707397, 0.22390425), (0.35460943, 0.226982), (0.3439346, 0.22920263), (0.33117956, 0.2317965), (0.36440963, 0.20714986), (0.35005075, 0.21550506), (0.3408782, 0.2211507), (0.3296907, 0.22798622), (0.35260123, 0.19334686), (0.34181374, 0.20631999), (0.33507085, 0.21481311), (0.32696712, 0.22493023), (0.33649892, 0.1842761), (0.3309726, 0.20054817), (0.3275525, 0.21059787), (0.3233651, 0.22299218), (0.3184322, 0.18228608), (0.3188908, 0.19841558), (0.31899166, 0.20935297), (0.3193285, 0.22240645), (0.3011642, 0.1856246), (0.3068123, 0.2009638), (0.31056106, 0.21108586), (0.31532484, 0.22320485), (0.28577954, 0.19461226), (0.296305, 0.20732623), (0.30324918, 0.21557993), (0.3118496, 0.2253474), (0.2742315, 0.20839012), (0.28854007, 0.21685767), (0.29787904, 0.22226721), (0.30928844, 0.22853422), (0.2680248, 0.22540593), (0.2844661, 0.22850478), (0.29513437, 0.23038566), (0.30799007, 0.23241603), (0.2680248, 0.24363178), (0.28462344, 0.24093455), (0.2953567, 0.23893672), (0.30809087, 0.23650122), (0.2742607, 0.26079863), (0.28896266, 0.25257874), (0.29829496, 0.24704611), (0.30958134, 0.24032044), (0.28604794, 0.27482915), (0.2971053, 0.26200688), (0.3040502, 0.25350773), (0.31228584, 0.24339747), (0.30194658, 0.28403854), (0.30797845, 0.268162), (0.31160378, 0.25785738), (0.31589037, 0.24535906), (0.31508213, 0.24033314), (0.32514298, 0.23611927), (0.31970453, 0.23640263), (0.31425995, 0.23640835), (0.32502514, 0.23191947), (0.31958544, 0.23193586), (0.3141529, 0.23221064), (0.3241924, 0.22800201), (0.3194726, 0.22774076), (0.31477672, 0.2282564), (0.99809086, 0.013855696), (0.9942019, 0.013855696), (0.9942019, 0.027923882), (0.99809086, 0.027923882), (0.9942019, 0.041980565), (0.99809086, 0.041980565), (0.9942019, 0.05609125), (0.99809086, 0.05609125), (0.9942019, 0.07005614), (0.99809086, 0.07005614), (0.9942019, 0.08411527), (0.99809086, 0.08411527), (0.9942019, 0.0980801), (0.99809086, 0.0980801), (0.9942019, 0.11219084), (0.99809086, 0.11219084), (0.9942019, 0.12624747), (0.99809086, 0.12624747), (0.9942019, 0.14031565), (0.99809086, 0.14031565), (0.9942019, 0.15438378), (0.99809086, 0.15438378), (0.9942019, 0.16844046), (0.99809086, 0.16844046), (0.9942019, 0.1825512), (0.99809086, 0.1825512), (0.9942019, 0.1965161), (0.99809086, 0.1965161), (0.9942019, 0.21057522), (0.99809086, 0.21057522), (0.9942019, 0.22454011), (0.99809086, 0.22454011), (0.9942019, 0.2386508), (0.99809086, 0.2386508), (0.9942019, 0.25270748), (0.99809086, 0.25270748), (0.9942019, 0.2667756), (0.99809086, 0.2667756), (0.4694311, 0.29045534), (0.46951854, 0.64252496), (0.8537961, 0.71826756), (0.8526235, 0.9990448), (0.8649496, 0.99902296), (0.8659568, 0.7217877), (0.76687956, 0.72579646), (0.766416, 0.99880016), (0.77875525, 0.9988649), (0.77877146, 0.721635), (0.951053, 0.73703694), (0.9511755, 0.998958), (0.96349204, 0.9989257), (0.9631861, 0.73401475), (0.9386886, 0.7386279), (0.93887717, 0.9989841), (0.9262302, 0.73852015), (0.9265845, 0.9989979), (0.9138578, 0.7368076), (0.9142816, 0.9989997), (0.90167904, 0.73388267), (0.9019613, 0.99899614), (0.88968694, 0.7301954), (0.8896278, 0.99899566), (0.87784874, 0.7260001), (0.8772874, 0.9990046), (0.84135205, 0.71576643), (0.8403088, 0.9990605), (0.82872206, 0.7144028), (0.8280006, 0.9990605), (0.8160132, 0.7142633), (0.8156965, 0.99903864), (0.80334234, 0.7154294), (0.8033929, 0.99899423), (0.79088783, 0.71796095), (0.7910819, 0.998933), (0.12887263, 0.13029009), (0.124616385, 0.12938416), (0.12176645, 0.13247406), (0.12543982, 0.13480163), (0.13246053, 0.1269368), (0.12833285, 0.12747931), (0.17635489, 0.14798266), (0.16367114, 0.14568621), (0.15924454, 0.15618843), (0.17060512, 0.16335744), (0.15320098, 0.14360476), (0.15025955, 0.15053421), (0.14364874, 0.14149362), (0.14207089, 0.14535737), (0.17635489, 0.13215643), (0.16401386, 0.13437623), (0.15352952, 0.13602597), (0.14380813, 0.13733912), (0.17110693, 0.117690444), (0.16051525, 0.123772144), (0.15126586, 0.12876719), (0.14256376, 0.13337713), (0.16160256, 0.106137276), (0.15368211, 0.11494917), (0.14655763, 0.12288481), (0.14003068, 0.13007873), (0.14913058, 0.097896874), (0.1441806, 0.10903764), (0.1402986, 0.11882454), (0.13652682, 0.12784022), (0.13429743, 0.09417844), (0.13328904, 0.106571436), (0.13296139, 0.11715478), (0.11879468, 0.09572232), (0.122110665, 0.107932806), (0.12542844, 0.11808646), (0.10446274, 0.10258901), (0.111998975, 0.11310333), (0.118611395, 0.121536136), (0.09305322, 0.11437166), (0.104441404, 0.12154698), (0.11335331, 0.12715584), (0.08729857, 0.12975734), (0.10007769, 0.13202262), (0.11055726, 0.1343112), (0.12019527, 0.13636845), (0.0872733, 0.14573652), (0.09979296, 0.14345199), (0.11042786, 0.14188063), (0.120057225, 0.14052904), (0.092621505, 0.16048574), (0.10340989, 0.15421385), (0.11267209, 0.1490596), (0.12131065, 0.14448386), (0.10245198, 0.17226458), (0.11035776, 0.16298378), (0.11726427, 0.15502876), (0.12384015, 0.14778286), (0.11527848, 0.17989606), (0.11974555, 0.168971), (0.123594224, 0.15908372), (0.1273523, 0.1500234), (0.12975985, 0.18340349), (0.13063604, 0.17125732), (0.13095683, 0.16072297), (0.13142425, 0.15091813), (0.14497918, 0.18190873), (0.14167678, 0.16987234), (0.13853061, 0.1597858), (0.13555217, 0.15036017), (0.15920085, 0.17513472), (0.15168089, 0.1646995), (0.14526618, 0.15618485), (0.13925093, 0.14843881), (0.122823, 0.13982469), (0.13330644, 0.13209552), (0.12967873, 0.13749295), (0.12633502, 0.1430695), (0.13753456, 0.13478744), (0.13418734, 0.14035761), (0.13056695, 0.14575791), (0.14104003, 0.1380341), (0.13841867, 0.14304316), (0.13500142, 0.14755303), (0.97582644, 0.99889594), (0.97510374, 0.7301049), (0.98816836, 0.99887526), (0.9869484, 0.72587395), (0.19791546, 0.0802924), (0.2055386, 0.06715077), (0.19312188, 0.06951153), (0.1823233, 0.07596928), (0.21261731, 0.08420497), (0.21805456, 0.06917751), (0.22645298, 0.090451), (0.22914883, 0.075381994), (0.24182728, 0.096999586), (0.23742768, 0.08504969), (0.19144759, 0.09143078), (0.17439798, 0.08572042), (0.20804271, 0.096881926), (0.22434053, 0.103129864), (0.24182728, 0.10974336), (0.18686357, 0.10415238), (0.17024633, 0.09755665), (0.2031711, 0.11040789), (0.21976897, 0.11584365), (0.23746637, 0.12169981), (0.18473431, 0.11685634), (0.17034218, 0.11006832), (0.19860509, 0.12309474), (0.21331993, 0.12698936), (0.22930655, 0.1314112), (0.18271676, 0.1313219), (0.17466429, 0.1217767), (0.19356409, 0.13758129), (0.20592871, 0.13979906), (0.21835062, 0.1376813), (0.055974662, 0.23459762), (0.0009649694, 0.23459762), (0.0009649694, 0.24777162), (0.055974662, 0.24777162), (0.055974662, 0.26094568), (0.0009649694, 0.26094568), (0.0009649694, 0.27411968), (0.055974662, 0.27411968), (0.055974662, 0.22142357), (0.0009649992, 0.22142357), (0.055974662, 0.1292054), (0.0009649992, 0.1292054), (0.0009649992, 0.1423794), (0.055974662, 0.1423794), (0.07839924, 0.06878561), (0.057902098, 0.06878561), (0.057902098, 0.078051925), (0.07839924, 0.078051925), (0.0009649992, 0.15555346), (0.055974662, 0.15555346), (0.0009649694, 0.28729373), (0.055974662, 0.28729373), (0.0009649992, 0.16872746), (0.055974662, 0.16872746), (0.055974662, 0.06333524), (0.0009649694, 0.06333524), (0.0009649694, 0.0765093), (0.055974662, 0.0765093), (0.055974662, 0.050161242), (0.0009649694, 0.050161242), (0.0009649992, 0.18190151), (0.055974662, 0.18190151), (0.0009649694, 0.089683294), (0.055974662, 0.089683294), (0.0009649992, 0.19507551), (0.055974662, 0.19507551), (0.0009649694, 0.10285735), (0.055974662, 0.10285735), (0.0009649992, 0.20824957), (0.055974662, 0.20824957), (0.0009649992, 0.11603141), (0.055974662, 0.11603141), (0.98426485, 0.46965617), (0.9873339, 0.46965617), (0.9873339, 0.4573831), (0.98426485, 0.4573831), (0.99042344, 0.46965617), (0.99042344, 0.4573831), (0.9935334, 0.46965617), (0.9935334, 0.4573831), (0.98426485, 0.4821465), (0.9873339, 0.4821465), (0.99042344, 0.4821465), (0.9935334, 0.4821465), (0.98426485, 0.4950471), (0.9873339, 0.4950471), (0.99042344, 0.4950471), (0.9935334, 0.4950471), (0.98426485, 0.28229666), (0.9873339, 0.28229666), (0.9873339, 0.269396), (0.98426485, 0.269396), (0.99042344, 0.28229666), (0.99042344, 0.269396), (0.9935334, 0.28229666), (0.9935334, 0.269396), (0.98426485, 0.29478693), (0.9873339, 0.29478693), (0.99042344, 0.29478693), (0.9935334, 0.29478693), (0.98426485, 0.30706006), (0.9873339, 0.30706006), (0.99042344, 0.30706006), (0.9935334, 0.30706006), (0.98426485, 0.31953532), (0.9873339, 0.31953532), (0.99042344, 0.31953532), (0.9935334, 0.31953532), (0.98426485, 0.33208233), (0.9873339, 0.33208233), (0.99042344, 0.33208233), (0.9935334, 0.33208233), (0.98426485, 0.34455752), (0.9873339, 0.34455752), (0.99042344, 0.34455752), (0.9935334, 0.34455752), (0.98426485, 0.35683066), (0.9873339, 0.35683066), (0.99042344, 0.35683066), (0.9935334, 0.35683066), (0.98426485, 0.36932093), (0.9873339, 0.36932093), (0.99042344, 0.36932093), (0.9935334, 0.36932093), (0.98426485, 0.38222158), (0.9873339, 0.38222158), (0.99042344, 0.38222158), (0.9935334, 0.38222158), (0.98426485, 0.39512217), (0.9873339, 0.39512217), (0.99042344, 0.39512217), (0.9935334, 0.39512217), (0.98426485, 0.4076125), (0.9873339, 0.4076125), (0.99042344, 0.4076125), (0.9935334, 0.4076125), (0.98426485, 0.41988558), (0.9873339, 0.41988558), (0.99042344, 0.41988558), (0.9935334, 0.41988558), (0.98426485, 0.43236077), (0.9873339, 0.43236077), (0.99042344, 0.43236077), (0.9935334, 0.43236077), (0.98426485, 0.44490778), (0.9873339, 0.44490778), (0.99042344, 0.44490778), (0.9935334, 0.44490778), (0.9990355, 0.4573831), (0.9990355, 0.46965617), (0.9990355, 0.4821465), (0.9990355, 0.4950471), (0.9990355, 0.269396), (0.9990355, 0.28229666), (0.9990355, 0.29478693), (0.9990355, 0.30706006), (0.9990355, 0.31953532), (0.9990355, 0.33208233), (0.9990355, 0.34455752), (0.9990355, 0.35683066), (0.9990355, 0.36932093), (0.9990355, 0.38222158), (0.9990355, 0.39512217), (0.9990355, 0.4076125), (0.9990355, 0.41988558), (0.9990355, 0.43236077), (0.9990355, 0.44490778), (0.07839924, 0.13400376), (0.057902098, 0.13400376), (0.057902098, 0.14327008), (0.07839924, 0.14327008), (0.07839924, 0.031805992), (0.057902098, 0.031805992), (0.057902098, 0.041083515), (0.07839924, 0.041083515), (0.07839924, 0.059465945), (0.057902098, 0.059465945), (0.07839924, 0.124887586), (0.057902098, 0.124887586), (0.07839924, 0.022223711), (0.057902098, 0.022223711), (0.07839924, 0.050199687), (0.057902098, 0.050199687), (0.07839924, 0.11561012), (0.057902098, 0.11561012), (0.07839924, 0.18024969), (0.057902098, 0.18024969), (0.057902098, 0.18983197), (0.07839924, 0.18983197), (0.07839924, 0.10602784), (0.057902098, 0.10602784), (0.07839924, 0.17097217), (0.057902098, 0.17097217), (0.07839924, 0.09644556), (0.057902098, 0.09644556), (0.07839924, 0.161856), (0.057902098, 0.161856), (0.07839924, 0.08716804), (0.057902098, 0.08716804), (0.07839924, 0.15258968), (0.057902098, 0.15258968), (0.29567343, 0.13794726), (0.2989232, 0.1360904), (0.29059768, 0.12601447), (0.288162, 0.12890244), (0.30251765, 0.13399148), (0.29324448, 0.12281287), (0.29966348, 0.14901507), (0.3033809, 0.14839876), (0.30748224, 0.14764804), (0.24374542, 0.055214405), (0.24374542, 0.059157312), (0.27482292, 0.059157312), (0.27482292, 0.055214405), (0.29960918, 0.16081256), (0.30332297, 0.16151613), (0.30744326, 0.16222513), (0.29547215, 0.17189908), (0.2987501, 0.17383611), (0.3023737, 0.17593056), (0.2877441, 0.18085831), (0.29015273, 0.18378216), (0.2928322, 0.18701136), (0.27738863, 0.1865769), (0.27863622, 0.19012481), (0.28002322, 0.1941824), (0.26580328, 0.1884535), (0.26576203, 0.19220388), (0.2656716, 0.19622773), (0.25439763, 0.18620723), (0.25307006, 0.18967003), (0.25164276, 0.19353509), (0.24436462, 0.18019485), (0.24191976, 0.18302435), (0.23914701, 0.18622607), (0.23698246, 0.171211), (0.23375702, 0.17302388), (0.23026979, 0.17496377), (0.23314309, 0.16031557), (0.22949117, 0.16090935), (0.22547853, 0.16163594), (0.23319513, 0.14868277), (0.2295332, 0.14800477), (0.22547853, 0.14732611), (0.23720306, 0.13771671), (0.23395294, 0.1358298), (0.23036408, 0.13379413), (0.2447598, 0.128784), (0.24235022, 0.12592375), (0.23967916, 0.122770905), (0.25490993, 0.12297833), (0.25364357, 0.119476795), (0.2521984, 0.115599394), (0.26645064, 0.12095469), (0.26645643, 0.11718464), (0.2664225, 0.11304349), (0.27799356, 0.12302911), (0.27927786, 0.119520545), (0.28066748, 0.11560947), (0.38129038, 0.087411344), (0.38129038, 0.07940638), (0.37855256, 0.071884155), (0.37613493, 0.0796752), (0.37340707, 0.06575203), (0.36826158, 0.071884155), (0.36647457, 0.061749578), (0.35922176, 0.06548333), (0.3585912, 0.060359478), (0.35070783, 0.061749578), (0.37855256, 0.09493357), (0.37149012, 0.08782315), (0.36194968, 0.07940638), (0.35200417, 0.071472526), (0.34377533, 0.06575203), (0.37340707, 0.101065755), (0.36517823, 0.09534538), (0.35523272, 0.087411344), (0.34569234, 0.07899463), (0.33862984, 0.071884155), (0.36647457, 0.10506821), (0.35796064, 0.10133445), (0.34892088, 0.09493357), (0.34104747, 0.087142706), (0.33589196, 0.07940638), (0.3585912, 0.10645831), (0.35070783, 0.10506821), (0.34377533, 0.101065755), (0.33862984, 0.09493357), (0.33589196, 0.087411344), (0.24374542, 0.039442778), (0.24374542, 0.043385625), (0.27482292, 0.043385625), (0.27482292, 0.039442778), (0.27575535, 0.14354455), (0.27901888, 0.14743358), (0.24374542, 0.10252929), (0.24374542, 0.106472135), (0.27482292, 0.106472135), (0.27482292, 0.10252929), (0.24374542, 0.09858632), (0.27482292, 0.09858632), (0.24374542, 0.09464347), (0.27482292, 0.09464347), (0.24374542, 0.09070057), (0.27482292, 0.09070057), (0.24374542, 0.08675766), (0.27482292, 0.08675766), (0.24374542, 0.08281469), (0.27482292, 0.08281475), (0.24374542, 0.078871846), (0.27482292, 0.078871846), (0.24374542, 0.07492888), (0.27482292, 0.07492888), (0.24374542, 0.07098603), (0.27482292, 0.07098603), (0.24374542, 0.067043126), (0.27482292, 0.067043126), (0.24374542, 0.06310022), (0.27482292, 0.06310022), (0.25697416, 0.14348549), (0.26140082, 0.14094496), (0.24374542, 0.05127144), (0.27482292, 0.05127144), (0.24374542, 0.03549987), (0.27482292, 0.03549987), (0.2660814, 0.16929603), (0.2611214, 0.168347), (0.28076988, 0.15224636), (0.26642984, 0.14011073), (0.25681436, 0.16578293), (0.24374542, 0.04732853), (0.27482292, 0.04732853), (0.2713902, 0.14102948), (0.2535643, 0.16191936), (0.2806784, 0.15736508), (0.251903, 0.15712571), (0.27886564, 0.16210735), (0.25194424, 0.15207559), (0.27554244, 0.16593188), (0.25372535, 0.14735991), (0.27111554, 0.16848654), (0.2729661, 0.14688444), (0.27522236, 0.14963067), (0.27901888, 0.14743358), (0.27575535, 0.14354455), (0.2763973, 0.1529817), (0.28076988, 0.15224636), (0.27637267, 0.15652072), (0.2806784, 0.15736508), (0.2751239, 0.15984166), (0.27886564, 0.16210735), (0.272785, 0.16254479), (0.27554244, 0.16593188), (0.26964337, 0.16430461), (0.27111554, 0.16848654), (0.26615316, 0.16492683), (0.2660814, 0.16929603), (0.26267397, 0.16430348), (0.2611214, 0.168347), (0.25962025, 0.16251421), (0.25681436, 0.16578293), (0.25739884, 0.15977615), (0.2535643, 0.16191936), (0.2562043, 0.15643823), (0.251903, 0.15712571), (0.25621855, 0.15288395), (0.25194424, 0.15207559), (0.25743198, 0.14953542), (0.25372535, 0.14735991), (0.25977427, 0.14685482), (0.25697416, 0.14348549), (0.26289797, 0.14512897), (0.26140082, 0.14094496), (0.26640052, 0.14447999), (0.26642984, 0.14011073), (0.26990366, 0.14506733), (0.2713902, 0.14102948), (0.8250886, 0.66537327), (0.8212056, 0.6646886), (0.8173226, 0.66537327), (0.81390786, 0.6673447), (0.8113735, 0.6703652), (0.810025, 0.67407036), (0.810025, 0.6780132), (0.8113735, 0.68171835), (0.81390786, 0.68473876), (0.8173226, 0.68671024), (0.8212056, 0.68739486), (0.8250886, 0.68671024), (0.82850325, 0.68473876), (0.83103776, 0.68171835), (0.83238626, 0.6780132), (0.83238626, 0.6740703), (0.83103776, 0.6703652), (0.82850325, 0.6673447)] (
                                    interpolation = "vertex"
                                )
                                uniform token subdivisionScheme = "none"
                            }
                        }
                    }
                }
            }
        }
    }

}

def "Render" (
    hide_in_stage_window = true
    no_delete = true
)
{
    def "OmniverseKit" (
    )
    {
        def "HydraTextures" (
            hide_in_stage_window = true
            no_delete = true
        )
        {
            def RenderProduct "omni_kit_widget_viewport_ViewportTexture_0" (
                hide_in_stage_window = true
                no_delete = true
            )
            {
                rel camera = </OmniverseKit_Persp>
                token omni:rtx:background:source:texture:textureMode = "repeatMirrored"
                token omni:rtx:background:source:type = "domeLight"
                bool omni:rtx:dlss:frameGeneration = 0
                string omni:rtx:material:db:rtSensorNameToIdMap = "DefaultMaterial:0;AsphaltStandardMaterial:1;AsphaltWeatheredMaterial:2;VegetationGrassMaterial:3;WaterStandardMaterial:4;GlassStandardMaterial:5;FiberGlassMaterial:6;MetalAlloyMaterial:7;MetalAluminumMaterial:8;MetalAluminumOxidizedMaterial:9;PlasticStandardMaterial:10;RetroMarkingsMaterial:11;RetroSignMaterial:12;RubberStandardMaterial:13;SoilClayMaterial:14;ConcreteRoughMaterial:15;ConcreteSmoothMaterial:16;OakTreeBarkMaterial:17;FabricStandardMaterial:18;PlexiGlassStandardMaterial:19;MetalSilverMaterial:20"
                bool omni:rtx:material:db:syncLoads = 1
                bool omni:rtx:post:registeredCompositing:invertColorCorrection = 1
                bool omni:rtx:post:registeredCompositing:invertToneMap = 1
                bool omni:rtx:pt:lightcache:cached:dontResolveConflicts = 1
                int omni:rtx:pt:maxSamplesPerLaunch = 2073600
                int omni:rtx:pt:mgpu:maxPixelsPerRegionExponent = 12
                color3f omni:rtx:rt:ambientLight:color = (0.1, 0.1, 0.1)
                bool omni:rtx:rt:demoire = 0
                bool omni:rtx:rt:ecoMode:enabled
                bool omni:rtx:rt:lightcache:spatialCache:dontResolveConflicts = 1
                bool omni:rtx:scene:hydra:materialSyncLoads = 1
                bool omni:rtx:scene:hydra:mdlMaterialWarmup = 1
                uint omni:rtx:viewTile:limit = 4294967295
                rel orderedVars = </Render/Vars/LdrColor>
                custom bool overrideClipRange = 0
                uniform int2 resolution = (1280, 720)
            }
        }
    }

    def RenderSettings "OmniverseGlobalRenderSettings" (
        no_delete = true
    )
    {
        rel products = </Render/OmniverseKit/HydraTextures/omni_kit_widget_viewport_ViewportTexture_0>
    }

    def "Vars" (
    )
    {
        def RenderVar "LdrColor" (
            hide_in_stage_window = true
            no_delete = true
        )
        {
            uniform string sourceName = "LdrColor"
        }
    }
}

