#usda 1.0
(
    defaultPrim = "Rack"
    metersPerUnit = 1
    upAxis = "Z"
)

def Xform "Rack"
{
    def Mesh "Surface0" (
        prepend apiSchemas = ["PhysicsCollisionAPI", "PhysicsMeshCollisionAPI", "PhysxCollisionAPI"]
    )
    {
        uniform bool doubleSided = 1
        int[] faceVertexCounts = [3, 3, 3, 3, 3, 3, 3, 3, 3, 3, 3, 3, 3, 3, 3, 3, 3, 3, 3, 3, 3, 3, 3, 3, 3, 3, 3, 3, 3, 3, 3, 3, 3, 3, 3, 3, 3, 3, 3, 3, 3, 3, 3, 3, 3, 3, 3, 3, 3, 3, 3, 3, 3, 3, 3, 3, 3, 3, 3, 3, 3, 3, 3, 3, 3, 3, 3, 3, 3, 3, 3, 3, 3, 3, 3, 3, 3, 3, 3, 3, 3, 3, 3, 3, 3, 3, 3, 3, 3, 3, 3, 3, 3, 3, 3, 3, 3, 3, 3, 3, 3, 3, 3, 3, 3, 3, 3, 3, 3, 3, 3, 3, 3, 3, 3, 3, 3, 3, 3, 3, 3, 3, 3, 3, 3, 3, 3, 3, 3, 3, 3, 3, 3, 3, 3, 3, 3, 3, 3, 3, 3, 3, 3, 3, 3, 3, 3, 3, 3, 3, 3, 3, 3, 3, 3, 3, 3, 3, 3, 3, 3, 3, 3, 3, 3, 3, 3, 3, 3, 3, 3, 3, 3, 3, 3, 3, 3, 3, 3, 3, 3, 3, 3, 3, 3, 3, 3, 3, 3, 3, 3, 3, 3, 3, 3, 3, 3, 3, 3, 3, 3, 3, 3, 3, 3, 3, 3, 3, 3, 3, 3, 3, 3, 3, 3, 3, 3, 3, 3, 3, 3, 3, 3, 3, 3, 3, 3, 3, 3, 3, 3, 3, 3, 3, 3, 3, 3, 3, 3, 3, 3, 3, 3, 3, 3, 3, 3, 3, 3, 3, 3, 3, 3, 3, 3, 3, 3, 3, 3, 3, 3, 3, 3, 3, 3, 3, 3, 3, 3, 3, 3, 3, 3, 3, 3, 3, 3, 3, 3, 3, 3, 3, 3, 3, 3, 3, 3, 3, 3, 3, 3, 3, 3, 3, 3, 3, 3, 3, 3, 3, 3, 3, 3, 3, 3, 3, 3, 3, 3, 3, 3, 3, 3, 3, 3, 3, 3, 3, 3, 3, 3, 3, 3, 3, 3, 3, 3, 3, 3, 3, 3, 3, 3, 3, 3, 3, 3, 3, 3, 3, 3, 3, 3, 3, 3, 3, 3, 3, 3, 3, 3, 3, 3, 3, 3, 3, 3, 3, 3, 3, 3, 3, 3, 3, 3, 3, 3, 3, 3, 3, 3, 3, 3, 3, 3, 3, 3, 3, 3, 3, 3, 3, 3, 3, 3, 3, 3, 3, 3, 3, 3, 3, 3, 3, 3, 3, 3, 3, 3, 3, 3, 3, 3, 3, 3, 3, 3, 3, 3, 3, 3, 3, 3, 3, 3, 3, 3, 3, 3, 3, 3, 3, 3, 3, 3, 3, 3, 3, 3, 3, 3, 3, 3, 3, 3, 3, 3, 3, 3, 3, 3, 3, 3, 3, 3, 3, 3, 3, 3, 3, 3, 3, 3, 3, 3, 3, 3, 3, 3, 3, 3, 3, 3, 3, 3, 3, 3, 3, 3, 3, 3, 3, 3, 3, 3, 3, 3, 3, 3, 3, 3, 3, 3, 3, 3, 3, 3, 3, 3, 3, 3, 3, 3, 3, 3, 3, 3, 3, 3, 3, 3, 3, 3, 3, 3, 3, 3, 3, 3, 3, 3, 3, 3, 3, 3, 3, 3, 3, 3, 3, 3, 3, 3, 3, 3, 3, 3, 3, 3, 3, 3, 3, 3, 3, 3, 3, 3, 3, 3, 3, 3, 3, 3, 3, 3, 3, 3, 3, 3, 3, 3, 3, 3, 3, 3, 3, 3, 3, 3, 3, 3, 3, 3, 3, 3, 3, 3, 3, 3, 3, 3, 3, 3, 3, 3, 3, 3, 3, 3, 3, 3, 3, 3, 3, 3, 3, 3, 3, 3, 3, 3, 3, 3, 3, 3, 3, 3, 3, 3, 3, 3, 3, 3, 3, 3, 3, 3, 3, 3, 3, 3, 3, 3, 3, 3, 3, 3, 3, 3, 3, 3, 3, 3, 3, 3, 3, 3, 3, 3, 3, 3, 3, 3, 3, 3, 3, 3, 3, 3, 3, 3, 3, 3, 3, 3, 3, 3, 3, 3, 3, 3, 3, 3, 3, 3, 3, 3, 3, 3, 3, 3, 3, 3, 3, 3, 3, 3, 3, 3, 3, 3, 3, 3, 3, 3, 3, 3, 3, 3, 3, 3, 3, 3, 3, 3, 3, 3, 3, 3, 3, 3, 3, 3, 3, 3, 3, 3, 3, 3, 3, 3, 3, 3, 3, 3, 3, 3, 3, 3, 3, 3, 3, 3, 3, 3, 3, 3, 3, 3, 3, 3, 3, 3, 3, 3, 3, 3, 3, 3, 3, 3, 3, 3, 3, 3, 3, 3, 3, 3, 3, 3, 3, 3, 3, 3, 3, 3, 3, 3, 3, 3, 3, 3, 3, 3, 3, 3, 3, 3, 3, 3, 3, 3, 3, 3, 3, 3, 3, 3, 3, 3, 3, 3, 3, 3, 3, 3, 3, 3, 3, 3, 3, 3, 3, 3, 3, 3, 3, 3, 3, 3, 3, 3, 3, 3, 3, 3, 3, 3, 3, 3, 3, 3, 3, 3, 3, 3, 3, 3, 3, 3, 3, 3, 3, 3, 3, 3, 3, 3, 3, 3, 3, 3, 3, 3, 3, 3, 3, 3, 3, 3, 3, 3, 3, 3, 3, 3, 3, 3, 3, 3, 3, 3, 3, 3, 3, 3, 3, 3, 3, 3, 3, 3, 3, 3, 3, 3, 3, 3, 3, 3, 3, 3, 3, 3, 3, 3, 3, 3, 3, 3, 3, 3, 3, 3, 3, 3, 3, 3, 3, 3, 3, 3, 3, 3, 3, 3, 3, 3, 3, 3, 3, 3, 3, 3, 3, 3, 3, 3, 3, 3, 3, 3, 3, 3, 3, 3, 3, 3, 3, 3, 3, 3, 3, 3, 3, 3, 3, 3, 3, 3, 3, 3, 3, 3, 3, 3, 3, 3, 3, 3, 3, 3, 3, 3, 3, 3, 3, 3, 3, 3, 3, 3, 3, 3, 3, 3, 3, 3, 3, 3, 3, 3, 3, 3, 3, 3, 3, 3, 3, 3, 3, 3, 3, 3, 3, 3, 3, 3, 3, 3, 3, 3, 3, 3, 3, 3, 3, 3, 3, 3, 3, 3, 3, 3, 3, 3, 3, 3, 3, 3, 3, 3, 3, 3, 3, 3, 3, 3, 3, 3, 3, 3, 3, 3, 3, 3, 3, 3, 3, 3, 3, 3, 3, 3, 3, 3, 3, 3, 3, 3, 3, 3, 3, 3, 3, 3, 3, 3, 3, 3, 3, 3, 3, 3, 3, 3, 3, 3, 3, 3, 3, 3, 3, 3, 3, 3, 3, 3, 3, 3, 3, 3, 3, 3, 3, 3, 3, 3, 3, 3, 3, 3, 3, 3, 3, 3, 3, 3, 3, 3, 3, 3, 3, 3, 3, 3, 3, 3, 3, 3, 3, 3, 3, 3, 3, 3, 3, 3, 3, 3, 3, 3, 3, 3, 3, 3, 3, 3, 3, 3, 3, 3, 3, 3, 3, 3, 3, 3, 3, 3, 3, 3, 3, 3, 3, 3, 3, 3, 3, 3, 3, 3, 3, 3, 3, 3, 3, 3, 3, 3, 3, 3, 3, 3, 3, 3, 3, 3, 3, 3, 3, 3, 3, 3, 3, 3, 3, 3, 3, 3, 3, 3, 3, 3, 3, 3, 3, 3, 3, 3, 3, 3, 3, 3, 3, 3, 3, 3, 3, 3, 3, 3, 3, 3, 3, 3, 3, 3, 3, 3, 3, 3, 3, 3, 3, 3, 3, 3, 3, 3, 3, 3, 3, 3, 3, 3, 3, 3, 3, 3, 3, 3, 3, 3, 3, 3, 3, 3, 3, 3, 3, 3, 3, 3, 3, 3, 3, 3, 3, 3, 3, 3, 3, 3, 3, 3, 3, 3, 3, 3, 3, 3, 3, 3, 3, 3, 3, 3, 3, 3, 3, 3, 3, 3, 3, 3, 3, 3, 3, 3, 3, 3, 3, 3, 3, 3, 3, 3, 3, 3, 3, 3, 3, 3, 3, 3, 3, 3, 3, 3, 3, 3, 3, 3, 3, 3, 3, 3, 3, 3, 3, 3, 3, 3, 3, 3, 3, 3, 3, 3, 3, 3, 3, 3, 3, 3, 3, 3, 3, 3, 3, 3, 3, 3, 3, 3, 3, 3, 3, 3, 3, 3, 3, 3, 3, 3, 3, 3, 3, 3, 3, 3, 3, 3, 3, 3, 3, 3, 3, 3, 3, 3, 3, 3, 3, 3, 3, 3, 3, 3, 3, 3, 3, 3, 3, 3, 3, 3, 3, 3, 3, 3, 3, 3, 3, 3, 3, 3, 3, 3, 3, 3, 3, 3, 3, 3, 3, 3, 3, 3, 3, 3, 3, 3, 3, 3, 3, 3, 3, 3, 3, 3, 3, 3, 3, 3, 3, 3, 3, 3, 3, 3, 3, 3, 3, 3, 3, 3, 3, 3, 3, 3, 3, 3, 3, 3, 3, 3, 3, 3, 3, 3, 3, 3, 3, 3, 3, 3, 3, 3, 3, 3, 3, 3, 3, 3, 3, 3, 3, 3, 3, 3, 3, 3, 3, 3, 3, 3, 3, 3, 3, 3, 3, 3, 3, 3, 3, 3, 3, 3, 3, 3, 3, 3, 3, 3, 3, 3, 3, 3, 3, 3, 3, 3, 3, 3, 3, 3, 3, 3, 3, 3, 3, 3, 3, 3, 3, 3, 3, 3, 3, 3, 3, 3, 3, 3, 3, 3, 3, 3, 3, 3, 3, 3, 3, 3, 3, 3, 3, 3, 3, 3, 3, 3, 3, 3, 3, 3, 3, 3, 3, 3, 3, 3, 3, 3, 3, 3, 3, 3, 3, 3, 3, 3, 3, 3, 3, 3, 3, 3, 3, 3, 3, 3, 3, 3, 3, 3, 3, 3, 3, 3, 3, 3, 3, 3, 3, 3, 3, 3, 3, 3, 3, 3, 3, 3, 3, 3, 3, 3, 3, 3, 3, 3, 3, 3, 3, 3, 3, 3, 3, 3, 3, 3, 3, 3, 3, 3, 3, 3, 3, 3, 3, 3, 3, 3, 3, 3, 3, 3, 3, 3, 3, 3, 3, 3, 3, 3, 3, 3, 3, 3, 3, 3, 3, 3, 3, 3, 3, 3, 3, 3, 3, 3, 3, 3, 3, 3, 3, 3, 3, 3, 3, 3, 3, 3, 3, 3, 3, 3, 3, 3, 3, 3, 3, 3, 3, 3, 3, 3, 3, 3, 3, 3, 3, 3, 3, 3, 3, 3, 3, 3, 3, 3, 3, 3, 3, 3, 3, 3, 3, 3, 3, 3, 3, 3, 3, 3, 3, 3, 3, 3, 3, 3, 3, 3, 3, 3, 3, 3, 3, 3, 3, 3, 3, 3, 3, 3, 3, 3, 3, 3, 3, 3, 3, 3, 3, 3, 3, 3, 3, 3, 3, 3, 3, 3, 3, 3, 3, 3, 3, 3, 3, 3, 3, 3, 3, 3, 3, 3, 3, 3, 3, 3, 3, 3, 3, 3, 3, 3, 3, 3, 3, 3, 3, 3, 3, 3, 3, 3, 3, 3, 3, 3, 3, 3, 3, 3, 3, 3, 3, 3, 3, 3, 3, 3, 3, 3, 3, 3, 3, 3, 3, 3, 3, 3, 3, 3, 3, 3, 3, 3, 3, 3, 3, 3, 3, 3, 3, 3, 3, 3, 3, 3, 3, 3, 3, 3, 3, 3, 3, 3, 3, 3, 3, 3, 3, 3, 3, 3, 3, 3, 3, 3, 3, 3, 3, 3, 3, 3, 3, 3, 3, 3, 3, 3, 3, 3, 3, 3, 3, 3, 3, 3, 3, 3, 3, 3, 3, 3, 3, 3, 3, 3, 3, 3, 3, 3, 3, 3, 3, 3, 3, 3, 3, 3, 3, 3, 3, 3, 3, 3, 3, 3, 3, 3, 3, 3, 3, 3, 3, 3, 3, 3, 3, 3, 3, 3, 3, 3, 3, 3, 3, 3, 3, 3, 3, 3, 3, 3, 3, 3, 3, 3, 3, 3, 3, 3, 3, 3, 3, 3, 3, 3, 3, 3, 3, 3, 3, 3, 3, 3, 3, 3, 3, 3, 3, 3, 3, 3, 3, 3, 3, 3, 3, 3, 3, 3, 3, 3, 3, 3, 3, 3, 3, 3, 3, 3, 3, 3, 3, 3, 3, 3, 3, 3, 3, 3, 3, 3, 3, 3, 3, 3, 3, 3, 3, 3, 3, 3, 3, 3, 3, 3, 3, 3, 3, 3, 3, 3, 3, 3, 3, 3, 3, 3, 3, 3, 3, 3, 3, 3, 3, 3, 3, 3, 3, 3, 3, 3, 3, 3, 3, 3, 3, 3, 3, 3, 3, 3, 3, 3, 3, 3, 3, 3, 3, 3, 3, 3, 3, 3, 3, 3, 3, 3, 3, 3, 3, 3, 3, 3, 3, 3, 3, 3, 3, 3, 3, 3, 3, 3, 3, 3, 3, 3, 3, 3, 3, 3, 3, 3, 3, 3, 3, 3, 3, 3, 3, 3, 3, 3, 3, 3, 3, 3, 3, 3, 3, 3, 3, 3, 3, 3, 3, 3, 3, 3, 3, 3, 3, 3, 3, 3, 3, 3, 3, 3, 3, 3, 3, 3, 3, 3, 3, 3, 3, 3, 3, 3, 3, 3, 3, 3, 3, 3, 3, 3, 3, 3, 3, 3, 3, 3, 3, 3, 3, 3, 3, 3, 3, 3, 3, 3, 3, 3, 3, 3, 3, 3, 3, 3, 3, 3, 3, 3, 3, 3, 3, 3, 3, 3, 3, 3, 3, 3, 3, 3, 3, 3, 3, 3, 3, 3, 3, 3, 3, 3, 3, 3, 3, 3, 3, 3, 3, 3, 3, 3, 3, 3, 3, 3, 3, 3, 3, 3, 3, 3, 3, 3, 3, 3, 3, 3, 3, 3, 3, 3, 3, 3, 3, 3, 3, 3, 3, 3, 3, 3, 3, 3, 3, 3, 3, 3, 3, 3, 3, 3, 3, 3, 3, 3, 3, 3, 3, 3, 3, 3, 3, 3, 3, 3, 3, 3, 3, 3, 3, 3, 3, 3, 3, 3, 3, 3, 3, 3, 3, 3, 3, 3, 3, 3, 3, 3, 3, 3, 3, 3, 3, 3, 3, 3, 3, 3, 3, 3, 3, 3, 3, 3, 3, 3, 3, 3, 3, 3, 3, 3, 3, 3, 3, 3, 3, 3, 3, 3, 3, 3, 3, 3, 3, 3, 3, 3, 3, 3, 3, 3, 3, 3, 3, 3, 3, 3, 3, 3, 3, 3, 3, 3, 3, 3, 3, 3, 3, 3, 3, 3, 3, 3, 3, 3, 3, 3, 3, 3, 3, 3, 3, 3, 3, 3, 3, 3, 3, 3, 3, 3, 3, 3, 3, 3, 3, 3, 3, 3, 3, 3, 3, 3, 3, 3, 3, 3, 3, 3, 3, 3, 3, 3, 3, 3, 3, 3, 3, 3, 3, 3, 3, 3, 3, 3, 3, 3, 3, 3, 3, 3, 3, 3, 3, 3, 3, 3, 3, 3, 3, 3, 3, 3, 3, 3, 3, 3, 3, 3, 3, 3, 3, 3, 3, 3, 3, 3, 3, 3, 3, 3, 3, 3, 3, 3, 3, 3, 3, 3, 3, 3, 3, 3, 3, 3, 3, 3, 3, 3, 3, 3, 3, 3, 3, 3, 3, 3, 3, 3, 3, 3, 3, 3, 3, 3, 3, 3, 3, 3, 3, 3, 3, 3, 3, 3, 3, 3, 3, 3, 3, 3, 3, 3, 3, 3, 3, 3, 3, 3, 3, 3, 3, 3, 3, 3, 3, 3, 3, 3, 3, 3, 3, 3, 3]
        int[] faceVertexIndices = [0, 1, 2, 0, 2, 3, 4, 5, 6, 4, 6, 7, 8, 9, 10, 8, 10, 11, 12, 13, 14, 12, 14, 15, 12, 15, 16, 12, 16, 17, 18, 19, 20, 18, 20, 21, 22, 23, 24, 22, 24, 25, 25, 26, 27, 25, 27, 28, 29, 30, 9, 29, 9, 31, 32, 33, 34, 32, 34, 35, 36, 37, 38, 36, 38, 39, 30, 40, 10, 30, 10, 9, 3, 2, 41, 3, 41, 42, 43, 44, 45, 43, 45, 46, 12, 17, 47, 12, 47, 48, 49, 50, 51, 49, 51, 52, 53, 54, 55, 53, 55, 56, 57, 58, 59, 57, 59, 60, 52, 61, 62, 52, 62, 49, 63, 64, 65, 63, 65, 66, 67, 68, 69, 67, 69, 70, 71, 72, 26, 71, 26, 25, 73, 74, 75, 73, 75, 76, 57, 60, 77, 57, 77, 78, 79, 80, 41, 79, 41, 2, 4, 7, 62, 4, 62, 61, 71, 81, 77, 71, 77, 60, 67, 70, 55, 67, 55, 54, 1, 0, 46, 1, 46, 45, 72, 71, 60, 72, 60, 59, 82, 83, 1, 82, 1, 84, 71, 25, 24, 71, 24, 81, 21, 76, 75, 21, 75, 18, 85, 84, 1, 85, 1, 45, 86, 87, 88, 86, 88, 89, 45, 90, 91, 45, 91, 85, 92, 93, 94, 92, 94, 95, 19, 18, 96, 19, 96, 97, 83, 79, 2, 83, 2, 1, 98, 99, 100, 98, 100, 101, 102, 31, 9, 102, 9, 8, 103, 90, 45, 103, 45, 44, 104, 105, 106, 104, 106, 107, 108, 109, 110, 108, 110, 111, 102, 112, 113, 102, 113, 31, 114, 115, 116, 114, 116, 117, 117, 118, 119, 117, 119, 114, 120, 121, 122, 120, 122, 123, 22, 124, 125, 22, 125, 126, 22, 25, 28, 22, 28, 124, 29, 31, 113, 29, 113, 127, 105, 128, 129, 105, 129, 106, 130, 131, 132, 130, 132, 133, 117, 134, 135, 117, 135, 118, 136, 137, 138, 136, 138, 139, 140, 141, 142, 140, 142, 143, 51, 50, 144, 51, 144, 145, 146, 147, 148, 146, 148, 149, 150, 22, 126, 150, 126, 151, 152, 153, 34, 152, 34, 33, 140, 154, 155, 140, 155, 141, 156, 106, 129, 156, 129, 157, 108, 145, 144, 108, 144, 109, 150, 141, 155, 150, 155, 158, 146, 139, 138, 146, 138, 147, 107, 132, 131, 107, 131, 104, 151, 142, 141, 151, 141, 150, 159, 160, 107, 159, 107, 161, 150, 158, 23, 150, 23, 22, 120, 123, 34, 120, 34, 153, 162, 132, 107, 162, 107, 160, 163, 164, 165, 163, 165, 166, 162, 167, 168, 162, 168, 132, 169, 170, 171, 169, 171, 172, 122, 173, 174, 122, 174, 123, 161, 107, 106, 161, 106, 156, 175, 176, 177, 175, 177, 178, 179, 133, 132, 179, 132, 168, 180, 181, 75, 180, 75, 74, 182, 183, 79, 182, 79, 83, 184, 185, 186, 184, 186, 187, 13, 188, 189, 13, 189, 14, 63, 66, 190, 63, 190, 191, 66, 65, 192, 66, 192, 193, 194, 102, 8, 194, 8, 195, 196, 197, 198, 196, 198, 199, 195, 8, 11, 195, 11, 200, 183, 201, 80, 183, 80, 79, 202, 203, 90, 202, 90, 103, 13, 204, 205, 13, 205, 188, 206, 207, 208, 206, 208, 209, 210, 211, 212, 210, 212, 213, 214, 215, 216, 214, 216, 217, 206, 209, 218, 206, 218, 219, 220, 221, 222, 220, 222, 223, 224, 225, 226, 224, 226, 227, 228, 66, 193, 228, 193, 229, 214, 230, 231, 214, 231, 215, 184, 219, 218, 184, 218, 185, 228, 215, 231, 228, 231, 232, 224, 213, 212, 224, 212, 225, 83, 90, 203, 83, 203, 182, 229, 216, 215, 229, 215, 228, 228, 232, 190, 228, 190, 66, 20, 19, 74, 20, 74, 73, 91, 90, 83, 91, 83, 82, 233, 234, 235, 233, 235, 236, 237, 161, 156, 237, 156, 238, 239, 240, 241, 239, 241, 242, 116, 115, 243, 116, 243, 244, 63, 245, 246, 63, 246, 64, 194, 247, 112, 194, 112, 102, 238, 156, 157, 238, 157, 248, 249, 179, 168, 249, 168, 250, 116, 244, 251, 116, 251, 252, 253, 254, 255, 253, 255, 256, 257, 258, 259, 257, 259, 260, 207, 261, 262, 207, 262, 208, 263, 264, 265, 263, 265, 266, 267, 268, 245, 267, 245, 63, 257, 260, 269, 257, 269, 270, 239, 242, 262, 239, 262, 261, 267, 271, 269, 267, 269, 260, 263, 266, 255, 263, 255, 254, 161, 237, 250, 161, 250, 168, 268, 267, 260, 268, 260, 259, 267, 63, 191, 267, 191, 271, 121, 152, 33, 121, 33, 122, 167, 159, 161, 167, 161, 168, 272, 273, 274, 272, 274, 275, 276, 277, 278, 276, 278, 279, 280, 281, 282, 280, 282, 283, 284, 285, 281, 284, 281, 280, 286, 287, 285, 286, 285, 284, 288, 289, 287, 288, 287, 286, 290, 291, 289, 290, 289, 288, 291, 292, 293, 291, 293, 289, 292, 294, 295, 292, 295, 293, 294, 296, 297, 294, 297, 295, 296, 298, 299, 296, 299, 297, 283, 282, 300, 283, 300, 301, 282, 302, 303, 282, 303, 300, 302, 304, 305, 302, 305, 303, 304, 306, 307, 304, 307, 305, 306, 308, 309, 306, 309, 307, 310, 311, 312, 310, 312, 313, 314, 315, 316, 314, 316, 317, 318, 319, 320, 318, 320, 321, 322, 323, 319, 322, 319, 318, 324, 325, 323, 324, 323, 322, 326, 327, 325, 326, 325, 324, 301, 300, 327, 301, 327, 326, 300, 303, 328, 300, 328, 327, 303, 305, 329, 303, 329, 328, 305, 307, 330, 305, 330, 329, 307, 309, 279, 307, 279, 330, 321, 320, 331, 321, 331, 332, 320, 333, 334, 320, 334, 331, 333, 335, 336, 333, 336, 334, 335, 337, 338, 335, 338, 336, 337, 312, 311, 337, 311, 338, 339, 340, 341, 339, 341, 342, 343, 344, 340, 343, 340, 339, 345, 346, 344, 345, 344, 343, 347, 348, 346, 347, 346, 345, 332, 331, 348, 332, 348, 347, 331, 334, 349, 331, 349, 348, 334, 336, 350, 334, 350, 349, 336, 338, 351, 336, 351, 350, 338, 311, 317, 338, 317, 351, 342, 341, 352, 342, 352, 353, 341, 354, 355, 341, 355, 352, 354, 356, 357, 354, 357, 355, 356, 358, 359, 356, 359, 357, 358, 360, 361, 358, 361, 359, 362, 360, 363, 362, 363, 364, 365, 366, 367, 365, 367, 368, 369, 370, 366, 369, 366, 365, 371, 372, 370, 371, 370, 369, 373, 374, 372, 373, 372, 371, 353, 352, 374, 353, 374, 373, 352, 355, 375, 352, 375, 374, 355, 357, 376, 355, 376, 375, 357, 359, 377, 357, 377, 376, 359, 361, 378, 359, 378, 377, 368, 367, 379, 368, 379, 380, 367, 381, 382, 367, 382, 379, 381, 383, 384, 381, 384, 382, 383, 385, 386, 383, 386, 384, 385, 387, 388, 385, 388, 386, 389, 390, 391, 389, 391, 392, 393, 394, 395, 393, 395, 396, 397, 398, 399, 397, 399, 400, 401, 402, 398, 401, 398, 397, 403, 404, 402, 403, 402, 401, 405, 406, 404, 405, 404, 403, 380, 379, 406, 380, 406, 405, 379, 382, 407, 379, 407, 406, 382, 384, 408, 382, 408, 407, 384, 386, 409, 384, 409, 408, 386, 388, 410, 386, 410, 409, 400, 399, 411, 400, 411, 412, 399, 413, 414, 399, 414, 411, 413, 415, 416, 413, 416, 414, 415, 417, 418, 415, 418, 416, 417, 419, 420, 417, 420, 418, 421, 422, 423, 421, 423, 424, 425, 426, 427, 425, 427, 428, 429, 430, 426, 429, 426, 425, 431, 432, 430, 431, 430, 429, 433, 434, 432, 433, 432, 431, 412, 411, 434, 412, 434, 433, 411, 414, 435, 411, 435, 434, 414, 416, 436, 414, 436, 435, 416, 418, 437, 416, 437, 436, 418, 420, 438, 418, 438, 437, 428, 427, 439, 428, 439, 440, 427, 441, 442, 427, 442, 439, 441, 443, 444, 441, 444, 442, 443, 445, 446, 443, 446, 444, 445, 395, 447, 445, 447, 446, 448, 449, 450, 448, 450, 451, 452, 453, 454, 452, 454, 455, 456, 457, 458, 456, 458, 459, 460, 461, 457, 460, 457, 456, 462, 463, 461, 462, 461, 460, 464, 465, 463, 464, 463, 462, 466, 464, 467, 466, 467, 468, 468, 467, 469, 468, 469, 470, 470, 469, 471, 470, 471, 472, 472, 471, 473, 472, 473, 474, 466, 475, 465, 466, 465, 464, 459, 476, 477, 459, 477, 478, 478, 477, 479, 478, 479, 480, 480, 479, 481, 480, 481, 482, 482, 481, 483, 482, 483, 484, 485, 486, 487, 485, 487, 488, 489, 490, 491, 489, 491, 492, 493, 494, 495, 493, 495, 496, 497, 498, 499, 497, 499, 500, 501, 502, 498, 501, 498, 497, 455, 454, 502, 455, 502, 501, 503, 504, 505, 503, 505, 506, 476, 452, 507, 476, 507, 477, 477, 507, 508, 477, 508, 479, 479, 508, 509, 479, 509, 481, 481, 509, 449, 481, 449, 483, 476, 510, 453, 476, 453, 452, 500, 511, 512, 500, 512, 513, 513, 512, 514, 513, 514, 515, 515, 514, 516, 515, 516, 517, 517, 516, 488, 517, 488, 487, 518, 519, 520, 518, 520, 521, 522, 523, 494, 522, 494, 493, 524, 525, 523, 524, 523, 522, 526, 527, 525, 526, 525, 524, 528, 529, 527, 528, 527, 526, 511, 528, 530, 511, 530, 512, 512, 530, 531, 512, 531, 514, 514, 531, 532, 514, 532, 516, 516, 532, 490, 516, 490, 488, 511, 533, 529, 511, 529, 528, 493, 496, 534, 493, 534, 535, 535, 534, 536, 535, 536, 537, 537, 536, 538, 537, 538, 539, 539, 538, 540, 539, 540, 541, 542, 543, 544, 542, 544, 541, 506, 505, 545, 506, 545, 546, 547, 548, 504, 547, 504, 503, 549, 550, 548, 549, 548, 547, 521, 520, 550, 521, 550, 549, 551, 552, 553, 551, 553, 554, 496, 518, 555, 496, 555, 534, 534, 555, 556, 534, 556, 536, 536, 556, 557, 536, 557, 538, 538, 557, 558, 538, 558, 540, 496, 495, 519, 496, 519, 518, 503, 506, 559, 503, 559, 560, 560, 559, 561, 560, 561, 562, 562, 561, 563, 562, 563, 564, 564, 563, 565, 564, 565, 566, 567, 568, 569, 567, 569, 570, 571, 572, 573, 571, 573, 574, 575, 576, 577, 575, 577, 578, 579, 580, 552, 579, 552, 551, 581, 582, 580, 581, 580, 579, 583, 584, 582, 583, 582, 581, 546, 545, 584, 546, 584, 583, 506, 546, 585, 506, 585, 559, 559, 585, 586, 559, 586, 561, 561, 586, 587, 561, 587, 563, 563, 587, 588, 563, 588, 565, 589, 590, 591, 589, 591, 592, 551, 554, 593, 551, 593, 594, 594, 593, 595, 594, 595, 596, 596, 595, 597, 596, 597, 598, 598, 597, 599, 598, 599, 600, 601, 602, 603, 601, 603, 604, 500, 499, 533, 500, 533, 511, 605, 606, 576, 605, 576, 575, 607, 608, 606, 607, 606, 605, 609, 610, 608, 609, 608, 607, 611, 612, 610, 611, 610, 609, 554, 611, 613, 554, 613, 593, 593, 613, 614, 593, 614, 595, 595, 614, 615, 595, 615, 597, 597, 615, 616, 597, 616, 599, 554, 553, 612, 554, 612, 611, 575, 578, 617, 575, 617, 618, 618, 617, 619, 618, 619, 620, 620, 619, 621, 620, 621, 622, 622, 621, 623, 622, 623, 573, 624, 438, 420, 624, 420, 625, 626, 627, 628, 626, 628, 629, 630, 631, 632, 630, 632, 633, 634, 635, 636, 634, 636, 637, 638, 639, 640, 638, 640, 641, 635, 642, 643, 635, 643, 636, 639, 644, 645, 639, 645, 640, 642, 646, 647, 642, 647, 643, 644, 648, 649, 644, 649, 645, 646, 650, 651, 646, 651, 647, 648, 652, 653, 648, 653, 649, 654, 655, 656, 654, 656, 657, 658, 659, 660, 658, 660, 661, 662, 663, 664, 662, 664, 665, 666, 658, 661, 666, 661, 667, 668, 662, 665, 668, 665, 669, 670, 671, 672, 670, 672, 673, 674, 675, 676, 674, 676, 677, 678, 670, 673, 678, 673, 679, 680, 674, 677, 680, 677, 681, 659, 682, 683, 659, 683, 660, 663, 684, 685, 663, 685, 664, 686, 678, 679, 686, 679, 687, 688, 680, 681, 688, 681, 689, 682, 690, 691, 682, 691, 683, 626, 692, 693, 626, 693, 627, 684, 694, 695, 684, 695, 685, 696, 686, 687, 696, 687, 697, 698, 688, 689, 698, 689, 699, 690, 700, 701, 690, 701, 691, 694, 702, 703, 694, 703, 695, 704, 696, 697, 704, 697, 705, 706, 698, 699, 706, 699, 707, 700, 634, 637, 700, 637, 701, 702, 638, 641, 702, 641, 703, 650, 704, 705, 650, 705, 651, 652, 706, 707, 652, 707, 653, 708, 709, 710, 708, 710, 711, 712, 713, 714, 712, 714, 715, 716, 654, 657, 716, 657, 717, 692, 718, 719, 692, 719, 693, 720, 708, 711, 720, 711, 721, 714, 722, 723, 714, 723, 715, 724, 725, 726, 724, 726, 727, 725, 728, 729, 725, 729, 726, 728, 730, 731, 728, 731, 729, 732, 733, 734, 732, 734, 735, 730, 736, 737, 730, 737, 731, 733, 738, 739, 733, 739, 734, 738, 740, 741, 738, 741, 739, 740, 742, 743, 740, 743, 741, 744, 745, 746, 744, 746, 747, 748, 744, 747, 748, 747, 749, 750, 751, 752, 750, 752, 753, 754, 755, 756, 754, 756, 757, 758, 750, 753, 758, 753, 759, 760, 754, 757, 760, 757, 761, 745, 762, 763, 745, 763, 746, 764, 765, 766, 764, 766, 767, 768, 758, 759, 768, 759, 769, 770, 764, 767, 770, 767, 771, 762, 772, 773, 762, 773, 763, 755, 774, 775, 755, 775, 756, 776, 768, 769, 776, 769, 777, 778, 770, 771, 778, 771, 779, 772, 780, 781, 772, 781, 773, 774, 782, 783, 774, 783, 775, 784, 776, 777, 784, 777, 785, 786, 778, 779, 786, 779, 787, 780, 724, 727, 780, 727, 781, 782, 788, 789, 782, 789, 783, 736, 784, 785, 736, 785, 737, 790, 786, 787, 790, 787, 791, 788, 732, 735, 788, 735, 789, 742, 790, 791, 742, 791, 743, 792, 793, 794, 792, 794, 795, 793, 796, 797, 793, 797, 794, 718, 798, 799, 718, 799, 719, 800, 720, 721, 800, 721, 801, 802, 803, 804, 802, 804, 805, 803, 806, 807, 803, 807, 804, 808, 809, 810, 808, 810, 811, 806, 812, 813, 806, 813, 807, 809, 814, 815, 809, 815, 810, 812, 816, 817, 812, 817, 813, 814, 818, 819, 814, 819, 815, 818, 820, 821, 818, 821, 819, 822, 823, 824, 822, 824, 825, 826, 822, 825, 826, 825, 827, 828, 829, 830, 828, 830, 831, 832, 833, 834, 832, 834, 835, 836, 828, 831, 836, 831, 837, 838, 832, 835, 838, 835, 839, 840, 841, 842, 840, 842, 843, 823, 844, 845, 823, 845, 824, 846, 840, 843, 846, 843, 847, 848, 838, 839, 848, 839, 849, 829, 850, 851, 829, 851, 830, 844, 852, 853, 844, 853, 845, 854, 846, 847, 854, 847, 855, 856, 848, 849, 856, 849, 857, 850, 858, 859, 850, 859, 851, 852, 860, 861, 852, 861, 853, 862, 854, 855, 862, 855, 863, 864, 856, 857, 864, 857, 865, 858, 866, 867, 858, 867, 859, 860, 802, 805, 860, 805, 861, 868, 862, 863, 868, 863, 869, 816, 864, 865, 816, 865, 817, 866, 808, 811, 866, 811, 867, 820, 868, 869, 820, 869, 821, 722, 870, 871, 722, 871, 723, 872, 873, 874, 872, 874, 875, 876, 877, 631, 876, 631, 630, 878, 879, 880, 878, 880, 881, 882, 883, 884, 882, 884, 885, 881, 880, 886, 881, 886, 887, 712, 888, 889, 712, 889, 713, 885, 884, 890, 885, 890, 891, 887, 886, 892, 887, 892, 893, 894, 895, 896, 894, 896, 897, 892, 898, 899, 892, 899, 893, 871, 870, 899, 871, 899, 898, 633, 632, 900, 633, 900, 901, 901, 900, 902, 901, 902, 903, 903, 902, 904, 903, 904, 905, 905, 904, 906, 905, 906, 907, 907, 906, 883, 907, 883, 882, 891, 890, 908, 891, 908, 909, 909, 908, 910, 909, 910, 911, 911, 910, 912, 911, 912, 913, 799, 798, 914, 799, 914, 915, 913, 912, 916, 913, 916, 917, 918, 919, 920, 918, 920, 921, 922, 923, 924, 922, 924, 925, 926, 923, 922, 926, 922, 927, 917, 916, 919, 917, 919, 918, 925, 924, 928, 925, 928, 929, 921, 920, 930, 921, 930, 931, 929, 928, 877, 929, 877, 876, 931, 930, 879, 931, 879, 878, 932, 800, 801, 932, 801, 933, 934, 932, 933, 934, 933, 935, 936, 937, 938, 936, 938, 939, 709, 940, 941, 709, 941, 710, 942, 936, 939, 942, 939, 943, 944, 945, 946, 944, 946, 947, 948, 942, 943, 948, 943, 949, 950, 944, 947, 950, 947, 951, 952, 948, 949, 952, 949, 953, 954, 950, 951, 954, 951, 955, 873, 952, 953, 873, 953, 874, 956, 957, 958, 956, 958, 959, 960, 961, 962, 960, 962, 963, 964, 965, 966, 964, 966, 967, 965, 968, 969, 965, 969, 966, 970, 960, 963, 970, 963, 971, 972, 973, 974, 972, 974, 975, 976, 970, 971, 976, 971, 977, 978, 976, 977, 978, 977, 979, 980, 981, 982, 980, 982, 983, 984, 985, 986, 984, 986, 987, 988, 980, 983, 988, 983, 989, 990, 991, 992, 990, 992, 993, 994, 988, 989, 994, 989, 995, 996, 990, 993, 996, 993, 997, 998, 994, 995, 998, 995, 999, 1000, 996, 997, 1000, 997, 1001, 973, 998, 999, 973, 999, 974, 961, 984, 987, 961, 987, 962, 957, 1002, 1003, 957, 1003, 958, 1002, 1004, 1005, 1002, 1005, 1003, 1006, 1007, 1008, 1006, 1008, 1009, 1004, 1010, 1011, 1004, 1011, 1005, 1010, 964, 967, 1010, 967, 1011, 968, 1012, 1013, 968, 1013, 969, 985, 1014, 1015, 985, 1015, 986, 1012, 1016, 1017, 1012, 1017, 1013, 1014, 1018, 1019, 1014, 1019, 1015, 1016, 1020, 1021, 1016, 1021, 1017, 1018, 1022, 1023, 1018, 1023, 1019, 1020, 972, 975, 1020, 975, 1021, 1022, 1024, 1025, 1022, 1025, 1023, 1024, 1006, 1009, 1024, 1009, 1025, 991, 1026, 1027, 991, 1027, 992, 1007, 1028, 1029, 1007, 1029, 1008, 981, 978, 979, 981, 979, 982, 1028, 1000, 1001, 1028, 1001, 1029, 655, 1030, 1031, 655, 1031, 656, 1032, 1033, 1034, 1032, 1034, 1035, 1030, 1036, 1037, 1030, 1037, 1031, 1036, 792, 795, 1036, 795, 1037, 796, 1038, 1039, 796, 1039, 797, 940, 1040, 1041, 940, 1041, 941, 1038, 1042, 1043, 1038, 1043, 1039, 1040, 1044, 1045, 1040, 1045, 1041, 1042, 1046, 1047, 1042, 1047, 1043, 1044, 1048, 1049, 1044, 1049, 1045, 1046, 872, 875, 1046, 875, 1047, 1048, 1050, 1051, 1048, 1051, 1049, 1050, 1032, 1035, 1050, 1035, 1051, 945, 1052, 1053, 945, 1053, 946, 1033, 1054, 1055, 1033, 1055, 1034, 937, 934, 935, 937, 935, 938, 1054, 954, 955, 1054, 955, 1055, 1056, 1057, 1058, 1056, 1058, 1059, 1057, 1060, 1061, 1057, 1061, 1058, 1060, 1062, 558, 1060, 558, 1061, 1063, 1064, 565, 1063, 565, 588, 1065, 542, 541, 1065, 541, 540, 1062, 1065, 540, 1062, 540, 558, 572, 571, 601, 572, 601, 604, 603, 602, 1066, 603, 1066, 616, 574, 573, 623, 574, 623, 1067, 1068, 1069, 600, 1068, 600, 599, 1070, 1071, 600, 1070, 600, 1069, 570, 569, 1071, 570, 1071, 1070, 568, 567, 1063, 568, 1063, 588, 1064, 1072, 566, 1064, 566, 565, 566, 1072, 1056, 566, 1056, 1059, 1073, 1074, 544, 1073, 544, 543, 492, 491, 1074, 492, 1074, 1073, 490, 489, 485, 490, 485, 488, 487, 486, 1075, 487, 1075, 1076, 1075, 1077, 1078, 1075, 1078, 1076, 451, 450, 1078, 451, 1078, 1077, 449, 448, 1079, 449, 1079, 483, 1079, 1080, 484, 1079, 484, 483, 1081, 1082, 484, 1081, 484, 1080, 1083, 1084, 1082, 1083, 1082, 1081, 1085, 1086, 1084, 1085, 1084, 1083, 1087, 473, 1086, 1087, 1086, 1085, 473, 1087, 1088, 473, 1088, 474, 1089, 1090, 1091, 1089, 1091, 1092, 1092, 1091, 1093, 1092, 1093, 1094, 1094, 1093, 378, 1094, 378, 1095, 1096, 410, 388, 1096, 388, 1097, 1098, 361, 360, 1098, 360, 362, 1095, 378, 361, 1095, 361, 1098, 422, 421, 393, 422, 393, 396, 438, 624, 424, 438, 424, 423, 394, 1099, 447, 394, 447, 395, 625, 420, 419, 625, 419, 1100, 1101, 1100, 419, 1101, 419, 1102, 390, 1101, 1102, 390, 1102, 391, 410, 1096, 389, 410, 389, 392, 1097, 388, 387, 1097, 387, 1103, 1090, 1089, 1103, 1090, 1103, 387, 1104, 364, 363, 1104, 363, 1105, 315, 1104, 1105, 315, 1105, 316, 311, 310, 314, 311, 314, 317, 1106, 1107, 313, 1106, 313, 312, 1107, 1106, 1108, 1107, 1108, 1109, 277, 1109, 1108, 277, 1108, 278, 309, 1110, 276, 309, 276, 279, 1110, 309, 308, 1110, 308, 1111, 1112, 1111, 308, 1112, 308, 1113, 1114, 1112, 1113, 1114, 1113, 1115, 1116, 1114, 1115, 1116, 1115, 1117, 1118, 1116, 1117, 1118, 1117, 299, 298, 1119, 1118, 298, 1118, 299, 1120, 1121, 1122, 1120, 1122, 1123, 1124, 1120, 1123, 1124, 1123, 1125, 1126, 1124, 1125, 1126, 1125, 1127, 1128, 1126, 1127, 1128, 1127, 1129, 1130, 1128, 1129, 1130, 1129, 1131, 1131, 1129, 1132, 1131, 1132, 1133, 1133, 1132, 1134, 1133, 1134, 1135, 1135, 1134, 1136, 1135, 1136, 1137, 1137, 1136, 1118, 1137, 1118, 1119, 1121, 1138, 1139, 1121, 1139, 1122, 1122, 1139, 1140, 1122, 1140, 1141, 1141, 1140, 1142, 1141, 1142, 1143, 1143, 1142, 1144, 1143, 1144, 1145, 1145, 1144, 1110, 1145, 1110, 1111, 1146, 1147, 1148, 1146, 1148, 1149, 1150, 1146, 1149, 1150, 1149, 1151, 1152, 1150, 1151, 1152, 1151, 1153, 1154, 1152, 1153, 1154, 1153, 1155, 1138, 1154, 1155, 1138, 1155, 1139, 1139, 1155, 1156, 1139, 1156, 1140, 1140, 1156, 1157, 1140, 1157, 1142, 1142, 1157, 1158, 1142, 1158, 1144, 1144, 1158, 276, 1144, 276, 1110, 1147, 1159, 1160, 1147, 1160, 1148, 1148, 1160, 1161, 1148, 1161, 1162, 1162, 1161, 1163, 1162, 1163, 1164, 1164, 1163, 1165, 1164, 1165, 1166, 1166, 1165, 310, 1166, 310, 313, 1167, 1168, 1169, 1167, 1169, 1170, 1171, 1167, 1170, 1171, 1170, 1172, 1173, 1171, 1172, 1173, 1172, 1174, 1175, 1173, 1174, 1175, 1174, 1176, 1159, 1175, 1176, 1159, 1176, 1160, 1160, 1176, 1177, 1160, 1177, 1161, 1161, 1177, 1178, 1161, 1178, 1163, 1163, 1178, 1179, 1163, 1179, 1165, 1165, 1179, 314, 1165, 314, 310, 1168, 1180, 1181, 1168, 1181, 1169, 1169, 1181, 1182, 1169, 1182, 1183, 1183, 1182, 1184, 1183, 1184, 1185, 1185, 1184, 1186, 1185, 1186, 1187, 1187, 1186, 1098, 1187, 1098, 362, 1188, 1189, 1190, 1188, 1190, 1191, 1192, 1188, 1191, 1192, 1191, 1193, 1194, 1192, 1193, 1194, 1193, 1195, 1196, 1194, 1195, 1196, 1195, 1197, 1180, 1196, 1197, 1180, 1197, 1181, 1181, 1197, 1198, 1181, 1198, 1182, 1182, 1198, 1199, 1182, 1199, 1184, 1184, 1199, 1200, 1184, 1200, 1186, 1186, 1200, 1095, 1186, 1095, 1098, 1189, 1201, 1202, 1189, 1202, 1190, 1190, 1202, 1203, 1190, 1203, 1204, 1204, 1203, 1205, 1204, 1205, 1206, 1206, 1205, 1207, 1206, 1207, 1208, 1208, 1207, 1097, 1208, 1097, 1103, 1209, 1210, 1211, 1209, 1211, 1212, 1213, 1209, 1212, 1213, 1212, 1214, 1215, 1213, 1214, 1215, 1214, 1216, 1217, 1215, 1216, 1217, 1216, 1218, 1201, 1217, 1218, 1201, 1218, 1202, 1202, 1218, 1219, 1202, 1219, 1203, 1203, 1219, 1220, 1203, 1220, 1205, 1205, 1220, 1221, 1205, 1221, 1207, 1207, 1221, 1096, 1207, 1096, 1097, 1210, 1222, 1223, 1210, 1223, 1211, 1211, 1223, 1224, 1211, 1224, 1225, 1225, 1224, 1226, 1225, 1226, 1227, 1227, 1226, 1228, 1227, 1228, 1229, 1229, 1228, 625, 1229, 625, 1100, 1230, 1231, 1232, 1230, 1232, 1233, 1234, 1230, 1233, 1234, 1233, 1235, 1236, 1234, 1235, 1236, 1235, 1237, 1238, 1236, 1237, 1238, 1237, 1239, 1222, 1238, 1239, 1222, 1239, 1223, 1223, 1239, 1240, 1223, 1240, 1224, 1224, 1240, 1241, 1224, 1241, 1226, 1226, 1241, 1242, 1226, 1242, 1228, 1228, 1242, 624, 1228, 624, 625, 1231, 1243, 1244, 1231, 1244, 1232, 1232, 1244, 1245, 1232, 1245, 1246, 1246, 1245, 1247, 1246, 1247, 1248, 1248, 1247, 1249, 1248, 1249, 1250, 1250, 1249, 1099, 1250, 1099, 394, 1251, 1252, 1253, 1251, 1253, 1254, 592, 591, 1255, 592, 1255, 1256, 1256, 1255, 1257, 1256, 1257, 1258, 1258, 1257, 1259, 1258, 1259, 1260, 1260, 1259, 1261, 1260, 1261, 1262, 1263, 1264, 1265, 1263, 1265, 1262, 1264, 1266, 1267, 1264, 1267, 1265, 1266, 1268, 1269, 1266, 1269, 1267, 1268, 1088, 1087, 1268, 1087, 1269, 1262, 1261, 1270, 1262, 1270, 1263, 592, 1271, 1272, 592, 1272, 589, 1271, 1273, 1274, 1271, 1274, 1272, 1273, 1275, 1276, 1273, 1276, 1274, 1275, 1080, 1079, 1275, 1079, 1276, 1277, 1278, 1279, 1277, 1279, 1280, 1281, 1282, 1283, 1281, 1283, 1284, 1284, 1283, 1285, 1284, 1285, 1286, 1286, 1285, 1252, 1286, 1252, 1251, 1287, 1288, 1289, 1287, 1289, 1290, 589, 1272, 1291, 589, 1291, 1254, 1272, 1274, 1292, 1272, 1292, 1291, 1274, 1276, 1293, 1274, 1293, 1292, 1276, 1079, 448, 1276, 448, 1293, 1254, 1253, 590, 1254, 590, 589, 1281, 1294, 1295, 1281, 1295, 1296, 1294, 1297, 1298, 1294, 1298, 1295, 1297, 1299, 1300, 1297, 1300, 1298, 1299, 486, 485, 1299, 485, 1300, 1301, 1302, 1303, 1301, 1303, 1304, 1280, 1279, 1305, 1280, 1305, 1306, 1306, 1305, 1307, 1306, 1307, 1308, 1308, 1307, 1309, 1308, 1309, 1310, 1310, 1309, 1311, 1310, 1311, 1312, 1296, 1295, 1313, 1296, 1313, 1312, 1295, 1298, 1314, 1295, 1314, 1313, 1298, 1300, 1315, 1298, 1315, 1314, 1300, 485, 489, 1300, 489, 1315, 1312, 1311, 1316, 1312, 1316, 1296, 1280, 1317, 1318, 1280, 1318, 1277, 1317, 1319, 1320, 1317, 1320, 1318, 1319, 1321, 1322, 1319, 1322, 1320, 1321, 542, 1065, 1321, 1065, 1322, 1323, 1324, 1288, 1323, 1288, 1287, 1290, 1289, 1325, 1290, 1325, 1326, 1326, 1325, 1327, 1326, 1327, 1328, 1328, 1327, 1302, 1328, 1302, 1301, 1329, 1330, 1331, 1329, 1331, 1332, 1277, 1318, 1333, 1277, 1333, 1304, 1318, 1320, 1334, 1318, 1334, 1333, 1320, 1322, 1335, 1320, 1335, 1334, 1322, 1065, 1062, 1322, 1062, 1335, 1304, 1303, 1278, 1304, 1278, 1277, 1290, 1336, 1337, 1290, 1337, 1287, 1336, 1338, 1339, 1336, 1339, 1337, 1338, 1340, 1341, 1338, 1341, 1339, 1340, 1072, 1064, 1340, 1064, 1341, 1342, 1343, 1344, 1342, 1344, 1345, 1332, 1331, 1346, 1332, 1346, 1347, 1347, 1346, 1348, 1347, 1348, 1349, 1349, 1348, 1350, 1349, 1350, 1351, 1351, 1350, 1324, 1351, 1324, 1323, 1287, 1337, 1352, 1287, 1352, 1323, 1337, 1339, 1353, 1337, 1353, 1352, 1339, 1341, 1354, 1339, 1354, 1353, 1341, 1064, 1063, 1341, 1063, 1354, 1332, 1355, 1356, 1332, 1356, 1329, 1355, 1357, 1358, 1355, 1358, 1356, 1357, 1359, 1360, 1357, 1360, 1358, 1359, 1069, 1068, 1359, 1068, 1360, 1296, 1316, 1282, 1296, 1282, 1281, 1345, 1344, 1361, 1345, 1361, 1362, 1362, 1361, 1363, 1362, 1363, 1364, 1364, 1363, 1365, 1364, 1365, 1366, 1366, 1365, 1367, 1366, 1367, 1368, 1329, 1356, 1369, 1329, 1369, 1368, 1356, 1358, 1370, 1356, 1370, 1369, 1358, 1360, 1371, 1358, 1371, 1370, 1360, 1068, 1066, 1360, 1066, 1371, 1368, 1367, 1330, 1368, 1330, 1329, 1345, 1372, 1373, 1345, 1373, 1342, 1372, 1374, 1375, 1372, 1375, 1373, 1374, 1376, 1377, 1374, 1377, 1375, 1376, 574, 1067, 1376, 1067, 1377, 895, 1378, 1379, 895, 1379, 896, 1380, 1381, 1382, 1380, 1382, 1383, 1384, 1385, 1386, 1384, 1386, 1387, 1388, 1389, 1390, 1388, 1390, 1391, 1387, 1386, 1392, 1387, 1392, 1393, 1391, 1390, 1394, 1391, 1394, 1395, 1393, 1392, 1396, 1393, 1396, 1397, 1395, 1394, 1398, 1395, 1398, 1399, 1397, 1396, 1400, 1397, 1400, 1401, 1399, 1398, 1402, 1399, 1402, 1403, 1404, 1405, 1406, 1404, 1406, 1407, 1408, 1409, 1410, 1408, 1410, 1411, 1412, 1413, 1414, 1412, 1414, 1415, 1416, 1417, 1409, 1416, 1409, 1408, 1418, 1419, 1413, 1418, 1413, 1412, 1420, 1421, 1422, 1420, 1422, 1423, 1424, 1425, 1426, 1424, 1426, 1427, 1428, 1429, 1421, 1428, 1421, 1420, 1430, 1431, 1425, 1430, 1425, 1424, 1411, 1410, 1432, 1411, 1432, 1433, 1415, 1414, 1434, 1415, 1434, 1435, 1436, 1437, 1429, 1436, 1429, 1428, 1438, 1439, 1431, 1438, 1431, 1430, 1433, 1432, 1440, 1433, 1440, 1441, 1442, 1379, 1378, 1442, 1378, 1443, 1435, 1434, 1444, 1435, 1444, 1445, 1446, 1447, 1437, 1446, 1437, 1436, 1448, 1449, 1439, 1448, 1439, 1438, 1441, 1440, 1450, 1441, 1450, 1451, 1445, 1444, 1452, 1445, 1452, 1453, 1454, 1455, 1447, 1454, 1447, 1446, 1456, 1457, 1449, 1456, 1449, 1448, 1451, 1450, 1385, 1451, 1385, 1384, 1453, 1452, 1389, 1453, 1389, 1388, 1401, 1400, 1455, 1401, 1455, 1454, 1403, 1402, 1457, 1403, 1457, 1456, 1458, 1459, 1460, 1458, 1460, 1461, 1462, 1463, 1464, 1462, 1464, 1465, 1466, 1467, 1405, 1466, 1405, 1404, 1468, 1442, 1443, 1468, 1443, 1469, 1470, 1471, 1459, 1470, 1459, 1458, 1472, 1462, 1465, 1472, 1465, 1473, 1474, 1475, 1476, 1474, 1476, 1477, 1477, 1476, 1478, 1477, 1478, 1479, 1479, 1478, 1480, 1479, 1480, 1481, 1482, 1483, 1484, 1482, 1484, 1485, 1481, 1480, 1486, 1481, 1486, 1487, 1485, 1484, 1488, 1485, 1488, 1489, 1489, 1488, 1490, 1489, 1490, 1491, 1491, 1490, 1492, 1491, 1492, 1493, 1494, 1495, 1496, 1494, 1496, 1497, 1498, 1499, 1495, 1498, 1495, 1494, 1500, 1501, 1502, 1500, 1502, 1503, 1504, 1505, 1506, 1504, 1506, 1507, 1508, 1509, 1501, 1508, 1501, 1500, 1510, 1511, 1505, 1510, 1505, 1504, 1497, 1496, 1512, 1497, 1512, 1513, 1514, 1515, 1516, 1514, 1516, 1517, 1518, 1519, 1509, 1518, 1509, 1508, 1520, 1521, 1515, 1520, 1515, 1514, 1513, 1512, 1522, 1513, 1522, 1523, 1507, 1506, 1524, 1507, 1524, 1525, 1526, 1527, 1519, 1526, 1519, 1518, 1528, 1529, 1521, 1528, 1521, 1520, 1523, 1522, 1530, 1523, 1530, 1531, 1525, 1524, 1532, 1525, 1532, 1533, 1534, 1535, 1527, 1534, 1527, 1526, 1536, 1537, 1529, 1536, 1529, 1528, 1531, 1530, 1475, 1531, 1475, 1474, 1533, 1532, 1538, 1533, 1538, 1539, 1487, 1486, 1535, 1487, 1535, 1534, 1540, 1541, 1537, 1540, 1537, 1536, 1539, 1538, 1483, 1539, 1483, 1482, 1493, 1492, 1541, 1493, 1541, 1540, 1542, 1543, 1544, 1542, 1544, 1545, 1545, 1544, 1546, 1545, 1546, 1547, 1548, 1549, 1468, 1548, 1468, 1469, 1550, 1551, 1471, 1550, 1471, 1470, 1552, 1553, 1554, 1552, 1554, 1555, 1555, 1554, 1556, 1555, 1556, 1557, 1558, 1559, 1560, 1558, 1560, 1561, 1557, 1556, 1562, 1557, 1562, 1563, 1561, 1560, 1564, 1561, 1564, 1565, 1563, 1562, 1566, 1563, 1566, 1567, 1565, 1564, 1568, 1565, 1568, 1569, 1569, 1568, 1570, 1569, 1570, 1571, 1572, 1573, 1574, 1572, 1574, 1575, 1576, 1577, 1573, 1576, 1573, 1572, 1578, 1579, 1580, 1578, 1580, 1581, 1582, 1583, 1584, 1582, 1584, 1585, 1586, 1587, 1579, 1586, 1579, 1578, 1588, 1589, 1583, 1588, 1583, 1582, 1590, 1591, 1592, 1590, 1592, 1593, 1575, 1574, 1594, 1575, 1594, 1595, 1596, 1597, 1591, 1596, 1591, 1590, 1598, 1599, 1589, 1598, 1589, 1588, 1581, 1580, 1600, 1581, 1600, 1601, 1595, 1594, 1602, 1595, 1602, 1603, 1604, 1605, 1597, 1604, 1597, 1596, 1606, 1607, 1599, 1606, 1599, 1598, 1601, 1600, 1608, 1601, 1608, 1609, 1603, 1602, 1610, 1603, 1610, 1611, 1612, 1613, 1605, 1612, 1605, 1604, 1614, 1615, 1607, 1614, 1607, 1606, 1609, 1608, 1616, 1609, 1616, 1617, 1611, 1610, 1553, 1611, 1553, 1552, 1618, 1619, 1613, 1618, 1613, 1612, 1567, 1566, 1615, 1567, 1615, 1614, 1617, 1616, 1559, 1617, 1559, 1558, 1571, 1570, 1619, 1571, 1619, 1618, 1620, 1621, 1472, 1620, 1472, 1473, 1622, 1623, 1624, 1622, 1624, 1625, 1383, 1382, 1626, 1383, 1626, 1627, 1628, 1629, 1630, 1628, 1630, 1631, 1632, 1633, 1634, 1632, 1634, 1635, 1636, 1637, 1629, 1636, 1629, 1628, 1638, 1464, 1463, 1638, 1463, 1639, 1640, 1641, 1633, 1640, 1633, 1632, 1642, 1637, 1636, 1642, 1636, 1643, 459, 458, 510, 459, 510, 476, 1644, 1642, 1643, 1644, 1643, 1645, 1644, 1645, 1621, 1644, 1621, 1620, 1646, 1647, 1381, 1646, 1381, 1380, 1648, 1649, 1647, 1648, 1647, 1646, 1650, 1651, 1649, 1650, 1649, 1648, 1652, 1653, 1651, 1652, 1651, 1650, 1635, 1634, 1653, 1635, 1653, 1652, 1654, 1655, 1641, 1654, 1641, 1640, 1656, 1657, 1655, 1656, 1655, 1654, 1658, 1659, 1657, 1658, 1657, 1656, 1660, 1661, 1549, 1660, 1549, 1548, 1662, 1663, 1659, 1662, 1659, 1658, 1664, 1665, 1666, 1664, 1666, 1667, 1668, 1669, 1670, 1668, 1670, 1671, 1671, 1670, 894, 1671, 894, 897, 1667, 1666, 1663, 1667, 1663, 1662, 1672, 1673, 1669, 1672, 1669, 1668, 1674, 1675, 1665, 1674, 1665, 1664, 1627, 1626, 1673, 1627, 1673, 1672, 1631, 1630, 1675, 1631, 1675, 1674, 1676, 1677, 1551, 1676, 1551, 1550, 1678, 1679, 1677, 1678, 1677, 1676, 1680, 1681, 1682, 1680, 1682, 1683, 1461, 1460, 1684, 1461, 1684, 1685, 1686, 1687, 1681, 1686, 1681, 1680, 1688, 1689, 1690, 1688, 1690, 1691, 1692, 1693, 1687, 1692, 1687, 1686, 1694, 1695, 1689, 1694, 1689, 1688, 1696, 1697, 1693, 1696, 1693, 1692, 1698, 1699, 1695, 1698, 1695, 1694, 1625, 1624, 1697, 1625, 1697, 1696, 1700, 1701, 1702, 1700, 1702, 1703, 1704, 1705, 1706, 1704, 1706, 1707, 1708, 1709, 1710, 1708, 1710, 1711, 1711, 1710, 1712, 1711, 1712, 1713, 1714, 1715, 1705, 1714, 1705, 1704, 1716, 1717, 1718, 1716, 1718, 1719, 1720, 1721, 1715, 1720, 1715, 1714, 1722, 1723, 1721, 1722, 1721, 1720, 1724, 1725, 1726, 1724, 1726, 1727, 1728, 1729, 1730, 1728, 1730, 1731, 1732, 1733, 1725, 1732, 1725, 1724, 1734, 1735, 1736, 1734, 1736, 1737, 1738, 1739, 1733, 1738, 1733, 1732, 1740, 1741, 1735, 1740, 1735, 1734, 1742, 1743, 1739, 1742, 1739, 1738, 1744, 1745, 1741, 1744, 1741, 1740, 1719, 1718, 1743, 1719, 1743, 1742, 1707, 1706, 1729, 1707, 1729, 1728, 1703, 1702, 1746, 1703, 1746, 1747, 1747, 1746, 1748, 1747, 1748, 1749, 1750, 1751, 1752, 1750, 1752, 1753, 1749, 1748, 1754, 1749, 1754, 1755, 1755, 1754, 1709, 1755, 1709, 1708, 1713, 1712, 1756, 1713, 1756, 1757, 1731, 1730, 1758, 1731, 1758, 1759, 1757, 1756, 1760, 1757, 1760, 1761, 1759, 1758, 1762, 1759, 1762, 1763, 1761, 1760, 1764, 1761, 1764, 1765, 1763, 1762, 1766, 1763, 1766, 1767, 1765, 1764, 1717, 1765, 1717, 1716, 1767, 1766, 1768, 1767, 1768, 1769, 1769, 1768, 1751, 1769, 1751, 1750, 1737, 1736, 1770, 1737, 1770, 1771, 1753, 1752, 1772, 1753, 1772, 1773, 1727, 1726, 1723, 1727, 1723, 1722, 1773, 1772, 1745, 1773, 1745, 1744, 1407, 1406, 1774, 1407, 1774, 1775, 1776, 1777, 1778, 1776, 1778, 1779, 1775, 1774, 1780, 1775, 1780, 1781, 1781, 1780, 1543, 1781, 1543, 1542, 1547, 1546, 1782, 1547, 1782, 1783, 1685, 1684, 1784, 1685, 1784, 1785, 1783, 1782, 1786, 1783, 1786, 1787, 1785, 1784, 1788, 1785, 1788, 1789, 1787, 1786, 1790, 1787, 1790, 1791, 1789, 1788, 1792, 1789, 1792, 1793, 1791, 1790, 1623, 1791, 1623, 1622, 1793, 1792, 1794, 1793, 1794, 1795, 1795, 1794, 1777, 1795, 1777, 1776, 1691, 1690, 1796, 1691, 1796, 1797, 1779, 1778, 1798, 1779, 1798, 1799, 1683, 1682, 1679, 1683, 1679, 1678, 1799, 1798, 1699, 1799, 1699, 1698, 628, 926, 927, 628, 927, 629, 1066, 1068, 599, 1066, 599, 616, 1800, 1801, 1802, 1800, 1802, 1803, 1804, 1805, 1806, 1804, 1806, 1807, 1808, 1809, 1810, 1808, 1810, 1811, 1812, 1813, 1814, 1812, 1814, 1815, 1816, 1817, 1818, 1816, 1818, 1819, 1820, 1821, 1822, 1820, 1822, 1823, 1824, 1825, 1826, 1824, 1826, 1827, 1828, 1829, 1830, 1828, 1830, 1831, 1832, 1833, 1834, 1832, 1834, 1835, 1836, 1837, 1838, 1836, 1838, 1839, 1840, 1841, 1842, 1840, 1842, 1843, 1843, 1842, 1844, 1843, 1844, 1845, 1845, 1844, 1846, 1845, 1846, 1847, 1847, 1846, 1848, 1847, 1848, 1849, 1849, 1848, 1850, 1849, 1850, 1851, 1851, 1850, 1852, 1851, 1852, 1853, 1853, 1852, 1854, 1853, 1854, 1855, 1855, 1854, 1856, 1855, 1856, 1857, 1857, 1856, 1858, 1857, 1858, 1859, 1859, 1858, 1833, 1859, 1833, 1832, 1860, 1861, 1837, 1860, 1837, 1836, 1835, 1834, 1861, 1835, 1861, 1860, 1862, 1863, 1864, 1862, 1864, 1865, 1863, 1866, 1867, 1863, 1867, 1864, 1866, 1868, 1869, 1866, 1869, 1867, 1870, 1871, 1872, 1870, 1872, 1873, 1871, 1874, 1875, 1871, 1875, 1872, 1874, 1876, 1877, 1874, 1877, 1875, 1876, 1878, 1879, 1876, 1879, 1877, 1878, 1880, 1881, 1878, 1881, 1879, 1880, 1882, 1883, 1880, 1883, 1881, 1882, 1884, 1885, 1882, 1885, 1883, 1884, 1886, 1887, 1884, 1887, 1885, 1886, 1888, 1889, 1886, 1889, 1887, 1888, 1890, 1891, 1888, 1891, 1889, 1890, 1862, 1865, 1890, 1865, 1891, 1892, 1893, 1894, 1892, 1894, 1895, 1896, 1897, 1898, 1896, 1898, 1899, 1900, 1901, 1902, 1900, 1902, 1903, 1901, 1904, 1905, 1901, 1905, 1902, 1904, 1906, 1907, 1904, 1907, 1905, 1906, 1908, 1909, 1906, 1909, 1907, 1908, 1910, 1911, 1908, 1911, 1909, 1910, 1912, 1913, 1910, 1913, 1911, 1912, 1914, 1915, 1912, 1915, 1913, 1914, 1916, 1917, 1914, 1917, 1915, 1916, 1918, 1919, 1916, 1919, 1917, 1918, 1892, 1895, 1918, 1895, 1919, 1920, 1896, 1899, 1920, 1899, 1921, 1893, 1920, 1921, 1893, 1921, 1894, 1922, 1923, 1924, 1922, 1924, 1925, 1925, 1924, 1926, 1925, 1926, 1927, 1927, 1926, 1928, 1927, 1928, 1929, 1930, 1931, 1932, 1930, 1932, 1933, 1933, 1932, 1934, 1933, 1934, 1935, 1935, 1934, 1936, 1935, 1936, 1937, 1937, 1936, 1938, 1937, 1938, 1939, 1939, 1938, 1940, 1939, 1940, 1941, 1941, 1940, 1942, 1941, 1942, 1943, 1943, 1942, 1944, 1943, 1944, 1945, 1945, 1944, 1946, 1945, 1946, 1947, 1947, 1946, 1948, 1947, 1948, 1949, 1949, 1948, 1950, 1949, 1950, 1951, 1951, 1950, 1923, 1951, 1923, 1922, 1952, 1953, 1954, 1952, 1954, 1955, 1956, 1957, 1958, 1956, 1958, 1959, 1960, 1961, 1962, 1960, 1962, 1963, 1961, 1964, 1965, 1961, 1965, 1962, 1964, 1966, 1967, 1964, 1967, 1965, 1966, 1968, 1969, 1966, 1969, 1967, 1968, 1970, 1971, 1968, 1971, 1969, 1970, 1972, 1973, 1970, 1973, 1971, 1972, 1974, 1975, 1972, 1975, 1973, 1974, 1976, 1977, 1974, 1977, 1975, 1976, 1978, 1979, 1976, 1979, 1977, 1978, 1952, 1955, 1978, 1955, 1979, 1980, 1956, 1959, 1980, 1959, 1981, 1953, 1980, 1981, 1953, 1981, 1954, 1982, 1983, 1984, 1982, 1984, 1985, 1985, 1984, 1986, 1985, 1986, 1987, 1987, 1986, 1988, 1987, 1988, 1989, 1990, 1991, 1992, 1990, 1992, 1993, 1993, 1992, 1994, 1993, 1994, 1995, 1995, 1994, 1996, 1995, 1996, 1997, 1997, 1996, 1998, 1997, 1998, 1999, 1999, 1998, 2000, 1999, 2000, 2001, 2001, 2000, 2002, 2001, 2002, 2003, 2003, 2002, 2004, 2003, 2004, 2005, 2005, 2004, 2006, 2005, 2006, 2007, 2007, 2006, 2008, 2007, 2008, 2009, 2009, 2008, 2010, 2009, 2010, 2011, 2011, 2010, 1983, 2011, 1983, 1982, 2012, 2013, 2014, 2012, 2014, 2015, 2016, 2017, 2018, 2016, 2018, 2019, 2020, 2021, 2022, 2020, 2022, 2023, 2023, 2022, 2024, 2023, 2024, 2025, 2025, 2024, 2026, 2025, 2026, 2027, 2027, 2026, 2028, 2027, 2028, 2029, 2029, 2028, 2030, 2029, 2030, 2031, 2031, 2030, 2032, 2031, 2032, 2033, 2033, 2032, 2034, 2033, 2034, 2035, 2035, 2034, 2036, 2035, 2036, 2037, 2037, 2036, 2038, 2037, 2038, 2039, 2039, 2038, 2013, 2039, 2013, 2012, 2040, 2041, 2017, 2040, 2017, 2016, 2015, 2014, 2041, 2015, 2041, 2040, 2042, 2043, 2044, 2042, 2044, 2045, 2043, 2046, 2047, 2043, 2047, 2044, 2046, 2048, 2049, 2046, 2049, 2047, 2050, 2051, 2052, 2050, 2052, 2053, 2051, 2054, 2055, 2051, 2055, 2052, 2054, 2056, 2057, 2054, 2057, 2055, 2056, 2058, 2059, 2056, 2059, 2057, 2058, 2060, 2061, 2058, 2061, 2059, 2060, 2062, 2063, 2060, 2063, 2061, 2062, 2064, 2065, 2062, 2065, 2063, 2064, 2066, 2067, 2064, 2067, 2065, 2066, 2068, 2069, 2066, 2069, 2067, 2068, 2070, 2071, 2068, 2071, 2069, 2070, 2042, 2045, 2070, 2045, 2071, 2072, 2073, 2074, 2072, 2074, 2075, 2076, 2077, 2078, 2076, 2078, 2079, 2080, 2081, 2082, 2080, 2082, 2083, 2083, 2082, 2084, 2083, 2084, 2085, 2085, 2084, 2086, 2085, 2086, 2087, 2087, 2086, 2088, 2087, 2088, 2089, 2089, 2088, 2090, 2089, 2090, 2091, 2091, 2090, 2092, 2091, 2092, 2093, 2093, 2092, 2094, 2093, 2094, 2095, 2095, 2094, 2096, 2095, 2096, 2097, 2097, 2096, 2098, 2097, 2098, 2099, 2099, 2098, 2073, 2099, 2073, 2072, 2100, 2101, 2077, 2100, 2077, 2076, 2075, 2074, 2101, 2075, 2101, 2100, 2102, 2103, 2104, 2102, 2104, 2105, 2103, 2106, 2107, 2103, 2107, 2104, 2106, 2108, 2109, 2106, 2109, 2107, 2110, 2111, 2112, 2110, 2112, 2113, 2111, 2114, 2115, 2111, 2115, 2112, 2114, 2116, 2117, 2114, 2117, 2115, 2116, 2118, 2119, 2116, 2119, 2117, 2118, 2120, 2121, 2118, 2121, 2119, 2120, 2122, 2123, 2120, 2123, 2121, 2122, 2124, 2125, 2122, 2125, 2123, 2124, 2126, 2127, 2124, 2127, 2125, 2126, 2128, 2129, 2126, 2129, 2127, 2128, 2130, 2131, 2128, 2131, 2129, 2130, 2102, 2105, 2130, 2105, 2131, 2132, 2133, 2134, 2132, 2134, 2135, 2136, 2137, 2138, 2136, 2138, 2139, 2140, 2141, 2142, 2140, 2142, 2143, 2141, 2144, 2145, 2141, 2145, 2142, 2144, 2146, 2147, 2144, 2147, 2145, 2146, 2148, 2149, 2146, 2149, 2147, 2148, 2150, 2151, 2148, 2151, 2149, 2150, 2152, 2153, 2150, 2153, 2151, 2152, 2154, 2155, 2152, 2155, 2153, 2154, 2156, 2157, 2154, 2157, 2155, 2156, 2158, 2159, 2156, 2159, 2157, 2158, 2132, 2135, 2158, 2135, 2159, 2160, 2136, 2139, 2160, 2139, 2161, 2133, 2160, 2161, 2133, 2161, 2134, 2162, 2163, 2164, 2162, 2164, 2165, 2165, 2164, 2166, 2165, 2166, 2167, 2167, 2166, 2168, 2167, 2168, 2169, 2170, 2171, 2172, 2170, 2172, 2173, 2173, 2172, 2174, 2173, 2174, 2175, 2175, 2174, 2176, 2175, 2176, 2177, 2177, 2176, 2178, 2177, 2178, 2179, 2179, 2178, 2180, 2179, 2180, 2181, 2181, 2180, 2182, 2181, 2182, 2183, 2183, 2182, 2184, 2183, 2184, 2185, 2185, 2184, 2186, 2185, 2186, 2187, 2187, 2186, 2188, 2187, 2188, 2189, 2189, 2188, 2190, 2189, 2190, 2191, 2191, 2190, 2163, 2191, 2163, 2162, 2192, 2193, 2194, 2192, 2194, 2195, 2196, 2197, 2198, 2196, 2198, 2199, 2200, 2201, 2202, 2200, 2202, 2203, 2201, 2204, 2205, 2201, 2205, 2202, 2204, 2206, 2207, 2204, 2207, 2205, 2206, 2208, 2209, 2206, 2209, 2207, 2208, 2210, 2211, 2208, 2211, 2209, 2210, 2212, 2213, 2210, 2213, 2211, 2212, 2214, 2215, 2212, 2215, 2213, 2214, 2216, 2217, 2214, 2217, 2215, 2216, 2218, 2219, 2216, 2219, 2217, 2218, 2192, 2195, 2218, 2195, 2219, 2220, 2196, 2199, 2220, 2199, 2221, 2193, 2220, 2221, 2193, 2221, 2194, 2222, 2223, 2224, 2222, 2224, 2225, 2225, 2224, 2226, 2225, 2226, 2227, 2227, 2226, 2228, 2227, 2228, 2229, 2230, 2231, 2232, 2230, 2232, 2233, 2233, 2232, 2234, 2233, 2234, 2235, 2235, 2234, 2236, 2235, 2236, 2237, 2237, 2236, 2238, 2237, 2238, 2239, 2239, 2238, 2240, 2239, 2240, 2241, 2241, 2240, 2242, 2241, 2242, 2243, 2243, 2242, 2244, 2243, 2244, 2245, 2245, 2244, 2246, 2245, 2246, 2247, 2247, 2246, 2248, 2247, 2248, 2249, 2249, 2248, 2250, 2249, 2250, 2251, 2251, 2250, 2223, 2251, 2223, 2222, 2252, 2253, 2254, 2252, 2254, 2255, 2256, 2257, 2258, 2256, 2258, 2259, 2260, 2261, 2262, 2260, 2262, 2263, 2263, 2262, 2264, 2263, 2264, 2265, 2265, 2264, 2266, 2265, 2266, 2267, 2267, 2266, 2268, 2267, 2268, 2269, 2269, 2268, 2270, 2269, 2270, 2271, 2271, 2270, 2272, 2271, 2272, 2273, 2273, 2272, 2274, 2273, 2274, 2275, 2275, 2274, 2276, 2275, 2276, 2277, 2277, 2276, 2278, 2277, 2278, 2279, 2279, 2278, 2253, 2279, 2253, 2252, 2280, 2281, 2257, 2280, 2257, 2256, 2255, 2254, 2281, 2255, 2281, 2280, 2282, 2283, 2284, 2282, 2284, 2285, 2283, 2286, 2287, 2283, 2287, 2284, 2286, 2288, 2289, 2286, 2289, 2287, 2290, 2291, 2292, 2290, 2292, 2293, 2291, 2294, 2295, 2291, 2295, 2292, 2294, 2296, 2297, 2294, 2297, 2295, 2296, 2298, 2299, 2296, 2299, 2297, 2298, 2300, 2301, 2298, 2301, 2299, 2300, 2302, 2303, 2300, 2303, 2301, 2302, 2304, 2305, 2302, 2305, 2303, 2304, 2306, 2307, 2304, 2307, 2305, 2306, 2308, 2309, 2306, 2309, 2307, 2308, 2310, 2311, 2308, 2311, 2309, 2310, 2282, 2285, 2310, 2285, 2311, 2320, 2318, 2319, 2318, 2320, 2321, 2318, 2321, 2317, 2317, 2321, 2322, 2317, 2322, 2316, 2316, 2322, 2315, 2315, 2322, 2323, 2315, 2323, 2324, 2315, 2324, 2314, 2314, 2324, 2325, 2314, 2325, 2313, 2313, 2325, 2312, 2334, 2332, 2333, 2332, 2334, 2335, 2332, 2335, 2331, 2331, 2335, 2336, 2331, 2336, 2330, 2330, 2336, 2337, 2330, 2337, 2329, 2329, 2337, 2328, 2328, 2337, 2338, 2328, 2338, 2339, 2328, 2339, 2327, 2327, 2339, 2326, 2341, 2353, 2340, 2353, 2341, 2342, 2353, 2342, 2352, 2352, 2342, 2343, 2352, 2343, 2351, 2351, 2343, 2344, 2351, 2344, 2350, 2350, 2344, 2345, 2350, 2345, 2349, 2349, 2345, 2346, 2349, 2346, 2348, 2348, 2346, 2347, 2355, 2367, 2354, 2367, 2355, 2356, 2367, 2356, 2366, 2366, 2356, 2357, 2366, 2357, 2365, 2365, 2357, 2358, 2365, 2358, 2364, 2364, 2358, 2359, 2364, 2359, 2363, 2363, 2359, 2360, 2363, 2360, 2362, 2362, 2360, 2361, 2376, 2374, 2375, 2374, 2376, 2377, 2374, 2377, 2373, 2373, 2377, 2378, 2373, 2378, 2372, 2372, 2378, 2371, 2371, 2378, 2379, 2371, 2379, 2380, 2371, 2380, 2370, 2370, 2380, 2381, 2370, 2381, 2369, 2369, 2381, 2368, 2390, 2388, 2389, 2388, 2390, 2391, 2388, 2391, 2387, 2387, 2391, 2392, 2387, 2392, 2386, 2386, 2392, 2393, 2386, 2393, 2385, 2385, 2393, 2384, 2384, 2393, 2394, 2384, 2394, 2395, 2384, 2395, 2383, 2383, 2395, 2382, 2397, 2409, 2396, 2409, 2397, 2398, 2409, 2398, 2408, 2408, 2398, 2399, 2408, 2399, 2407, 2407, 2399, 2400, 2407, 2400, 2406, 2406, 2400, 2401, 2406, 2401, 2405, 2405, 2401, 2402, 2405, 2402, 2404, 2404, 2402, 2403, 2411, 2423, 2410, 2423, 2411, 2412, 2423, 2412, 2422, 2422, 2412, 2413, 2422, 2413, 2421, 2421, 2413, 2414, 2421, 2414, 2420, 2420, 2414, 2415, 2420, 2415, 2419, 2419, 2415, 2416, 2419, 2416, 2418, 2418, 2416, 2417]
        uniform token physics:approximation = "none"
        bool physics:collisionEnabled = 1
        float physxCollision:contactOffset = 0.0002
        float physxCollision:restOffset = 0
        point3f[] points = [(-0.08432759, -0.03187481, 0.07408216), (-0.08432759, -0.030086182, 0.07408309), (-0.08432758, -0.030086182, 0.002717192), (-0.08432758, -0.03187481, 0.002717192), (-0.081919484, -0.030086182, 0.08446353), (-0.081919484, -0.030086182, 0.094658434), (-0.076879576, -0.030086182, 0.094658434), (-0.07694414, -0.030086182, 0.085213065), (-0.08191947, 0.03008616, -0.0000029613113), (-0.08191947, -0.030086182, -0.0000029613113), (-0.08432758, -0.030086182, -0.0000029613113), (-0.08432758, 0.03008616, -0.0000029613113), (-0.081919484, -0.030086182, 0.094658434), (-0.081919484, 0.03008616, 0.094658434), (-0.08432759, 0.03008616, 0.094658434), (-0.08432759, -0.030086182, 0.094658434), (-0.08432759, -0.03187481, 0.094658434), (-0.081919484, -0.03187481, 0.094658434), (-0.08191948, -0.030086182, 0.0740802), (-0.08191948, 0.03008616, 0.0740802), (-0.081919484, 0.02809409, 0.076072335), (-0.081919484, -0.028094107, 0.076072335), (0.081919104, -0.03187481, 0.002717192), (0.077477366, -0.03187481, 0.00715893), (-0.07747773, -0.03187481, 0.00715893), (-0.08191947, -0.03187481, 0.002717192), (-0.08432758, -0.03187481, 0.002717192), (-0.08432758, -0.03187481, -0.0000029613113), (-0.08191947, -0.03187481, -0.0000029613113), (0.081919104, -0.03187481, -0.0000029613113), (-0.08191947, -0.03187481, -0.0000029613113), (0.081919104, -0.030086182, -0.0000029613113), (0.081919104, 0.03008616, 0.094658434), (0.081919104, 0.03008616, 0.08446353), (0.081919104, -0.030086182, 0.08446353), (0.081919104, -0.030086182, 0.094658434), (0.077477366, -0.030086182, 0.00715893), (-0.07747773, -0.030086182, 0.00715893), (-0.07747773, -0.03187481, 0.00715893), (0.077477366, -0.03187481, 0.00715893), (-0.08432758, -0.03187481, -0.0000029613113), (-0.08432758, -0.030086182, -0.0000029613113), (-0.08432758, -0.03187481, -0.0000029613113), (-0.08432759, -0.03187481, 0.094658434), (-0.08432759, -0.030086182, 0.094658434), (-0.08432759, -0.030086182, 0.08446064), (-0.08432759, -0.03187481, 0.08446158), (-0.076879576, -0.03187481, 0.094658434), (-0.076879576, -0.030086182, 0.094658434), (-0.07747773, -0.030086182, 0.00715893), (0.077477366, -0.030086182, 0.00715893), (0.081919104, -0.030086182, 0.002717192), (-0.08191947, -0.030086182, 0.002717192), (-0.076879576, -0.03187481, 0.094658434), (-0.07694414, -0.03187481, 0.085213065), (-0.07694414, -0.030086182, 0.085213065), (-0.076879576, -0.030086182, 0.094658434), (-0.081919484, -0.03187481, 0.094658434), (-0.08432759, -0.03187481, 0.094658434), (-0.08432759, -0.03187481, 0.08446158), (-0.081919484, -0.03187481, 0.08446353), (-0.08191948, -0.030086182, 0.0740802), (-0.07701521, -0.030086182, 0.07481733), (0.081919104, 0.03187479, 0.002717192), (0.081919104, 0.03187479, -0.0000029613113), (-0.08191947, 0.03187479, -0.0000029613113), (-0.08191947, 0.03187479, 0.002717192), (-0.07701521, -0.03187481, 0.07481733), (-0.07747773, -0.03187481, 0.00715893), (-0.07747773, -0.030086182, 0.00715893), (-0.07701521, -0.030086182, 0.07481733), (-0.08191948, -0.03187481, 0.0740802), (-0.08432759, -0.03187481, 0.07408216), (-0.081919484, 0.02809409, 0.08247139), (-0.081919484, 0.03008616, 0.08446353), (-0.081919484, -0.030086182, 0.08446353), (-0.081919484, -0.028094107, 0.08247139), (-0.07694414, -0.03187481, 0.085213065), (-0.076879576, -0.03187481, 0.094658434), (-0.08432758, 0.03008616, 0.002717192), (-0.08432758, 0.03008616, -0.0000029613113), (-0.07701521, -0.03187481, 0.07481733), (-0.08432759, 0.02809409, 0.07607517), (-0.08432759, 0.03008616, 0.07408309), (-0.08432759, -0.028094107, 0.07607517), (-0.08432759, -0.028094107, 0.08246856), (-0.081919484, -0.028094107, 0.076072335), (-0.081919484, 0.02809409, 0.076072335), (-0.08432759, 0.02809409, 0.07607517), (-0.08432759, -0.028094107, 0.07607517), (-0.08432759, 0.03008616, 0.08446064), (-0.08432759, 0.02809409, 0.08246856), (-0.08432759, -0.028094107, 0.07607517), (-0.08432759, -0.028094107, 0.08246856), (-0.081919484, -0.028094107, 0.08247139), (-0.081919484, -0.028094107, 0.076072335), (-0.08191947, -0.030086182, 0.002717192), (-0.08191947, 0.03008616, 0.002717192), (-0.08432759, 0.02809409, 0.08246856), (-0.081919484, 0.02809409, 0.08247139), (-0.081919484, -0.028094107, 0.08247139), (-0.08432759, -0.028094107, 0.08246856), (0.081919104, 0.03008616, -0.0000029613113), (-0.08432759, 0.03008616, 0.094658434), (0.08432721, -0.03187481, 0.07408216), (0.08432721, -0.03187481, 0.002717192), (0.08432721, -0.030086182, 0.002717192), (0.08432721, -0.030086182, 0.07408309), (0.081919104, -0.030086182, 0.08446353), (0.07694377, -0.030086182, 0.085213065), (0.076879196, -0.030086182, 0.094658434), (0.081919104, -0.030086182, 0.094658434), (0.08432721, 0.03008616, -0.0000029613113), (0.08432721, -0.030086182, -0.0000029613113), (0.08432723, -0.030086182, 0.094658434), (0.08432723, 0.03008616, 0.094658434), (0.081919104, 0.03008616, 0.094658434), (0.081919104, -0.030086182, 0.094658434), (0.081919104, -0.03187481, 0.094658434), (0.08432723, -0.03187481, 0.094658434), (0.081919104, -0.028094107, 0.076072335), (0.081919104, 0.02809409, 0.076072335), (0.081919104, 0.03008616, 0.0740802), (0.081919104, -0.030086182, 0.0740802), (0.081919104, -0.03187481, -0.0000029613113), (0.08432721, -0.03187481, -0.0000029613113), (0.08432721, -0.03187481, 0.002717192), (0.08432721, -0.03187481, -0.0000029613113), (0.08432721, -0.03187481, -0.0000029613113), (0.08432721, -0.030086182, -0.0000029613113), (0.08432723, -0.03187481, 0.094658434), (0.08432723, -0.03187481, 0.08446158), (0.08432723, -0.030086182, 0.08446064), (0.08432723, -0.030086182, 0.094658434), (0.076879196, -0.030086182, 0.094658434), (0.076879196, -0.03187481, 0.094658434), (0.076879196, -0.03187481, 0.094658434), (0.076879196, -0.030086182, 0.094658434), (0.07694377, -0.030086182, 0.085213065), (0.07694377, -0.03187481, 0.085213065), (0.081919104, -0.03187481, 0.094658434), (0.081919104, -0.03187481, 0.08446353), (0.08432723, -0.03187481, 0.08446158), (0.08432723, -0.03187481, 0.094658434), (0.07701484, -0.030086182, 0.07481733), (0.081919104, -0.030086182, 0.0740802), (0.07701484, -0.03187481, 0.07481733), (0.07701484, -0.030086182, 0.07481733), (0.077477366, -0.030086182, 0.00715893), (0.077477366, -0.03187481, 0.00715893), (0.081919104, -0.03187481, 0.0740802), (0.08432721, -0.03187481, 0.07408216), (0.081919104, 0.02809409, 0.08247139), (0.081919104, -0.028094107, 0.08247139), (0.076879196, -0.03187481, 0.094658434), (0.07694377, -0.03187481, 0.085213065), (0.08432721, 0.03008616, 0.002717192), (0.08432721, 0.03008616, -0.0000029613113), (0.07701484, -0.03187481, 0.07481733), (0.08432721, 0.02809409, 0.07607517), (0.08432721, -0.028094107, 0.07607517), (0.08432721, 0.03008616, 0.07408309), (0.08432721, -0.028094107, 0.08246856), (0.08432721, -0.028094107, 0.07607517), (0.08432721, 0.02809409, 0.07607517), (0.081919104, 0.02809409, 0.076072335), (0.081919104, -0.028094107, 0.076072335), (0.08432721, 0.02809409, 0.08246856), (0.08432723, 0.03008616, 0.08446064), (0.08432721, -0.028094107, 0.07607517), (0.081919104, -0.028094107, 0.076072335), (0.081919104, -0.028094107, 0.08247139), (0.08432721, -0.028094107, 0.08246856), (0.081919104, 0.03008616, 0.002717192), (0.081919104, -0.030086182, 0.002717192), (0.08432721, 0.02809409, 0.08246856), (0.08432721, -0.028094107, 0.08246856), (0.081919104, -0.028094107, 0.08247139), (0.081919104, 0.02809409, 0.08247139), (0.08432723, 0.03008616, 0.094658434), (-0.081919484, 0.03008616, 0.094658434), (-0.081919484, -0.030086182, 0.094658434), (-0.08432759, 0.03187479, 0.07408216), (-0.08432758, 0.03187479, 0.002717192), (-0.081919484, 0.03008616, 0.08446353), (-0.07694414, 0.03008616, 0.085213065), (-0.076879576, 0.03008616, 0.094658434), (-0.081919484, 0.03008616, 0.094658434), (-0.081919484, 0.03187479, 0.094658434), (-0.08432759, 0.03187479, 0.094658434), (-0.07747773, 0.03187479, 0.00715893), (0.077477366, 0.03187479, 0.00715893), (-0.08432758, 0.03187479, -0.0000029613113), (-0.08432758, 0.03187479, 0.002717192), (0.081919104, 0.03187479, -0.0000029613113), (-0.08191947, 0.03187479, -0.0000029613113), (0.077477366, 0.03008616, 0.00715893), (0.077477366, 0.03187479, 0.00715893), (-0.07747773, 0.03187479, 0.00715893), (-0.07747773, 0.03008616, 0.00715893), (-0.08432758, 0.03187479, -0.0000029613113), (-0.08432758, 0.03187479, -0.0000029613113), (-0.08432759, 0.03187479, 0.094658434), (-0.08432759, 0.03187479, 0.08446158), (-0.076879576, 0.03008616, 0.094658434), (-0.076879576, 0.03187479, 0.094658434), (-0.08191947, 0.03008616, 0.002717192), (0.081919104, 0.03008616, 0.002717192), (0.077477366, 0.03008616, 0.00715893), (-0.07747773, 0.03008616, 0.00715893), (-0.076879576, 0.03187479, 0.094658434), (-0.076879576, 0.03008616, 0.094658434), (-0.07694414, 0.03008616, 0.085213065), (-0.07694414, 0.03187479, 0.085213065), (-0.081919484, 0.03187479, 0.094658434), (-0.081919484, 0.03187479, 0.08446353), (-0.08432759, 0.03187479, 0.08446158), (-0.08432759, 0.03187479, 0.094658434), (-0.07701521, 0.03008616, 0.07481733), (-0.08191948, 0.03008616, 0.0740802), (0.081919104, -0.030086182, 0.002717192), (0.081919104, 0.03008616, 0.002717192), (-0.08191947, 0.03008616, 0.002717192), (-0.08191947, -0.030086182, 0.002717192), (-0.07701521, 0.03187479, 0.07481733), (-0.07701521, 0.03008616, 0.07481733), (-0.07747773, 0.03008616, 0.00715893), (-0.07747773, 0.03187479, 0.00715893), (-0.08191948, 0.03187479, 0.0740802), (-0.08432759, 0.03187479, 0.07408216), (-0.076879576, 0.03187479, 0.094658434), (-0.07694414, 0.03187479, 0.085213065), (-0.07701521, 0.03187479, 0.07481733), (-0.08432759, 0.02809409, 0.07607517), (-0.081919484, 0.02809409, 0.076072335), (-0.081919484, 0.02809409, 0.08247139), (-0.08432759, 0.02809409, 0.08246856), (0.08432721, 0.03187479, 0.07408216), (0.08432721, 0.03187479, 0.002717192), (0.081919104, 0.03008616, 0.08446353), (0.081919104, 0.03008616, 0.094658434), (0.076879196, 0.03008616, 0.094658434), (0.07694377, 0.03008616, 0.085213065), (0.08432723, 0.03187479, 0.094658434), (0.081919104, 0.03187479, 0.094658434), (0.08432721, 0.03187479, 0.002717192), (0.08432721, 0.03187479, -0.0000029613113), (0.08432721, 0.03187479, -0.0000029613113), (0.08432721, 0.03187479, -0.0000029613113), (0.08432723, 0.03187479, 0.094658434), (0.08432723, 0.03187479, 0.08446158), (0.076879196, 0.03187479, 0.094658434), (0.076879196, 0.03008616, 0.094658434), (0.076879196, 0.03187479, 0.094658434), (0.07694377, 0.03187479, 0.085213065), (0.07694377, 0.03008616, 0.085213065), (0.076879196, 0.03008616, 0.094658434), (0.081919104, 0.03187479, 0.094658434), (0.08432723, 0.03187479, 0.094658434), (0.08432723, 0.03187479, 0.08446158), (0.081919104, 0.03187479, 0.08446353), (0.081919104, 0.03008616, 0.0740802), (0.07701484, 0.03008616, 0.07481733), (0.07701484, 0.03187479, 0.07481733), (0.077477366, 0.03187479, 0.00715893), (0.077477366, 0.03008616, 0.00715893), (0.07701484, 0.03008616, 0.07481733), (0.081919104, 0.03187479, 0.0740802), (0.08432721, 0.03187479, 0.07408216), (0.07694377, 0.03187479, 0.085213065), (0.076879196, 0.03187479, 0.094658434), (0.07701484, 0.03187479, 0.07481733), (0.08432721, 0.02809409, 0.07607517), (0.08432721, 0.02809409, 0.08246856), (0.081919104, 0.02809409, 0.08247139), (0.081919104, 0.02809409, 0.076072335), (-0.047732066, 0.0068972665, 0.06739005), (-0.04463055, 0.004824897, 0.06739005), (-0.04463055, -0.0048249145, 0.06739005), (-0.047732066, -0.006897284, 0.06739005), (-0.0637342, -0.027314585, 0.06739005), (-0.06462814, -0.022489678, 0.06739005), (-0.06152662, -0.02041731, 0.06739005), (-0.059181776, -0.027314585, 0.06739005), (-0.06828663, -0.027314585, 0.06739005), (-0.06828663, -0.023217399, 0.06739005), (-0.07283906, -0.027314585, 0.06739005), (-0.07194513, -0.022489678, 0.06739005), (-0.07739148, -0.027314585, 0.06739005), (-0.07504664, -0.02041731, 0.06739005), (-0.081943914, -0.027314585, 0.06739005), (-0.081943914, -0.022762157, 0.06739005), (-0.081943914, -0.018209726, 0.06739005), (-0.077119015, -0.017315786, 0.06739005), (-0.081943914, -0.013657297, 0.06739005), (-0.077846736, -0.013657297, 0.06739005), (-0.081943914, -0.009104868, 0.06739005), (-0.077119015, -0.009998804, 0.06739005), (-0.081943914, -0.004552439, 0.06739005), (-0.07504664, -0.006897284, 0.06739005), (-0.054629344, -0.022762157, 0.06739005), (-0.054629344, -0.027314585, 0.06739005), (-0.059454247, -0.017315786, 0.06739005), (-0.054629344, -0.018209726, 0.06739005), (-0.058726527, -0.013657297, 0.06739005), (-0.054629344, -0.013657297, 0.06739005), (-0.059454247, -0.009998804, 0.06739005), (-0.054629344, -0.009104868, 0.06739005), (-0.06152662, -0.006897284, 0.06739005), (-0.054629344, -0.004552439, 0.06739005), (-0.02731477, 0.0045524207, 0.06739005), (-0.02731477, -0.004552439, 0.06739005), (-0.034212045, -0.006897284, 0.06739005), (-0.034212045, 0.0068972665, 0.06739005), (-0.02041749, 0.0068972665, 0.06739005), (-0.017315969, 0.004824897, 0.06739005), (-0.017315969, -0.0048249145, 0.06739005), (-0.02041749, -0.006897284, 0.06739005), (-0.036419626, -0.027314585, 0.06739005), (-0.037313566, -0.022489678, 0.06739005), (-0.034212045, -0.02041731, 0.06739005), (-0.031867195, -0.027314585, 0.06739005), (-0.040972054, -0.027314585, 0.06739005), (-0.040972054, -0.023217399, 0.06739005), (-0.045524485, -0.027314585, 0.06739005), (-0.04463055, -0.022489678, 0.06739005), (-0.050076913, -0.027314585, 0.06739005), (-0.047732066, -0.02041731, 0.06739005), (-0.049804438, -0.017315786, 0.06739005), (-0.050532155, -0.013657297, 0.06739005), (-0.049804438, -0.009998804, 0.06739005), (-0.02731477, -0.022762157, 0.06739005), (-0.02731477, -0.027314585, 0.06739005), (-0.032139674, -0.017315786, 0.06739005), (-0.02731477, -0.018209726, 0.06739005), (-0.031411953, -0.013657297, 0.06739005), (-0.02731477, -0.013657297, 0.06739005), (-0.032139674, -0.009998804, 0.06739005), (-0.02731477, -0.009104867, 0.06739005), (-0.009105048, -0.027314585, 0.06739005), (-0.009998989, -0.022489678, 0.06739005), (-0.0068974686, -0.02041731, 0.06739005), (-0.004552624, -0.027314585, 0.06739005), (-0.01365748, -0.027314585, 0.06739005), (-0.01365748, -0.023217399, 0.06739005), (-0.01820991, -0.027314585, 0.06739005), (-0.017315969, -0.022489678, 0.06739005), (-0.022762334, -0.027314585, 0.06739005), (-0.02041749, -0.02041731, 0.06739005), (-0.022489864, -0.017315786, 0.06739005), (-0.023217581, -0.013657297, 0.06739005), (-0.022489864, -0.009998804, 0.06739005), (-1.9311905e-7, -0.022762157, 0.06739005), (-1.9311905e-7, -0.027314585, 0.06739005), (-0.004825101, -0.017315786, 0.06739005), (-1.9311905e-7, -0.018209726, 0.06739005), (-0.0040973783, -0.013657297, 0.06739005), (-1.9311905e-7, -0.013657297, 0.06739005), (-0.004825101, -0.009998804, 0.06739005), (-1.9311905e-7, -0.009104868, 0.06739005), (-0.0068974686, -0.006897284, 0.06739005), (-1.9311905e-7, -0.004552439, 0.06739005), (-0.0068974686, 0.0068972665, 0.06739005), (-0.009998989, -0.0048249145, 0.06739005), (-0.009998989, 0.004824897, 0.06739005), (0.018209532, -0.027314585, 0.06739005), (0.01731559, -0.022489678, 0.06739005), (0.020417104, -0.02041731, 0.06739005), (0.022761948, -0.027314585, 0.06739005), (0.013657093, -0.027314585, 0.06739005), (0.013657093, -0.023217399, 0.06739005), (0.009104662, -0.027314585, 0.06739005), (0.009998603, -0.022489678, 0.06739005), (0.004552238, -0.027314585, 0.06739005), (0.0068970826, -0.02041731, 0.06739005), (0.0048247147, -0.017315786, 0.06739005), (0.0040969993, -0.013657297, 0.06739005), (0.0048247147, -0.009998804, 0.06739005), (0.0068970826, -0.006897284, 0.06739005), (0.02731438, -0.022762155, 0.06739005), (0.02731438, -0.027314585, 0.06739005), (0.022489479, -0.017315786, 0.06739005), (0.02731438, -0.018209724, 0.06739005), (0.023217194, -0.013657297, 0.06739005), (0.02731438, -0.013657297, 0.06739005), (0.022489479, -0.009998804, 0.06739005), (0.02731438, -0.009104868, 0.06739005), (0.020417104, -0.006897284, 0.06739005), (0.02731438, -0.004552439, 0.06739005), (0.037313182, 0.004824897, 0.06739005), (0.040971674, 0.0040971767, 0.06739005), (0.040971674, -0.0040971944, 0.06739005), (0.037313182, -0.0048249145, 0.06739005), (0.071944736, 0.004824897, 0.06739005), (0.075046256, 0.0068972665, 0.06739005), (0.075046256, -0.006897284, 0.06739005), (0.071944736, -0.0048249145, 0.06739005), (0.045524105, -0.027314585, 0.06739005), (0.044630162, -0.022489678, 0.06739005), (0.047731698, -0.02041731, 0.06739005), (0.050076533, -0.027314585, 0.06739005), (0.040971674, -0.027314585, 0.06739005), (0.040971674, -0.023217399, 0.06739005), (0.036419243, -0.027314585, 0.06739005), (0.037313182, -0.022489678, 0.06739005), (0.03186681, -0.027314585, 0.06739005), (0.03421166, -0.02041731, 0.06739005), (0.032139294, -0.017315786, 0.06739005), (0.031411573, -0.013657297, 0.06739005), (0.032139294, -0.009998804, 0.06739005), (0.03421166, -0.006897284, 0.06739005), (0.054628965, -0.022762155, 0.06739005), (0.054628965, -0.027314585, 0.06739005), (0.04980405, -0.017315786, 0.06739005), (0.054628965, -0.018209726, 0.06739005), (0.050531767, -0.013657297, 0.06739005), (0.054628965, -0.013657297, 0.06739005), (0.04980405, -0.009998804, 0.06739005), (0.054628965, -0.009104868, 0.06739005), (0.047731698, -0.006897284, 0.06739005), (0.054628965, -0.004552439, 0.06739005), (0.06828625, 0.0040971767, 0.06739005), (0.06828625, -0.0040971944, 0.06739005), (0.06462775, -0.0048249145, 0.06739005), (0.06462775, 0.004824897, 0.06739005), (0.072838664, -0.027314585, 0.06739005), (0.071944736, -0.022489678, 0.06739005), (0.075046256, -0.02041731, 0.06739005), (0.07739111, -0.027314585, 0.06739005), (0.06828625, -0.027314585, 0.06739005), (0.06828625, -0.023217399, 0.06739005), (0.06373383, -0.027314585, 0.06739005), (0.06462775, -0.022489678, 0.06739005), (0.05918138, -0.027314585, 0.06739005), (0.061526235, -0.02041731, 0.06739005), (0.059453882, -0.017315786, 0.06739005), (0.05872615, -0.013657297, 0.06739005), (0.059453882, -0.009998804, 0.06739005), (0.061526235, -0.006897284, 0.06739005), (0.08194354, -0.022762155, 0.06739005), (0.08194354, -0.027314585, 0.06739005), (0.077118635, -0.017315786, 0.06739005), (0.08194354, -0.018209724, 0.06739005), (0.07784634, -0.013657297, 0.06739005), (0.08194354, -0.013657297, 0.06739005), (0.077118635, -0.009998804, 0.06739005), (0.08194354, -0.009104867, 0.06739005), (0.08194354, -0.004552438, 0.06739005), (-0.047732066, 0.0068972665, 0.06969922), (-0.047732066, -0.006897284, 0.06969922), (-0.04463055, -0.0048249145, 0.06969922), (-0.04463055, 0.004824897, 0.06969922), (-0.047732066, -0.02041731, 0.06969922), (-0.050076913, -0.029872948, 0.06969922), (-0.045524485, -0.029872948, 0.06969922), (-0.04463055, -0.022489678, 0.06969922), (-0.06462814, -0.022489678, 0.06969922), (-0.0637342, -0.029872948, 0.06969922), (-0.059181776, -0.029872948, 0.06969922), (-0.06152662, -0.02041731, 0.06969922), (-0.06828663, -0.023217399, 0.06969922), (-0.06828663, -0.029872948, 0.06969922), (-0.07194513, -0.022489678, 0.06969922), (-0.07283906, -0.029872948, 0.06969922), (-0.07504664, -0.02041731, 0.06969922), (-0.07739148, -0.029872948, 0.06969922), (-0.081943914, -0.022762157, 0.06969922), (-0.077119015, -0.017315786, 0.06969922), (-0.081943914, -0.018209726, 0.06969922), (-0.077846736, -0.013657297, 0.06969922), (-0.081943914, -0.013657297, 0.06969922), (-0.077119015, -0.009998804, 0.06969922), (-0.081943914, -0.009104868, 0.06969922), (-0.07504664, -0.006897284, 0.06969922), (-0.081943914, -0.004552439, 0.06969922), (-0.081943914, -0.029872948, 0.06969922), (-0.054629344, -0.022762157, 0.06969922), (-0.054629344, -0.018209726, 0.06969922), (-0.059454247, -0.017315786, 0.06969922), (-0.054629344, -0.013657297, 0.06969922), (-0.058726527, -0.013657297, 0.06969922), (-0.054629344, -0.009104868, 0.06969922), (-0.059454247, -0.009998804, 0.06969922), (-0.054629344, -0.004552439, 0.06969922), (-0.06152662, -0.006897284, 0.06969922), (-0.02731477, 0.0045524207, 0.06969922), (-0.034212045, 0.0068972665, 0.06969922), (-0.034212045, -0.006897284, 0.06969922), (-0.02731477, -0.004552439, 0.06969922), (-0.02041749, 0.0068972665, 0.06969922), (-0.02041749, -0.006897284, 0.06969922), (-0.017315969, -0.0048249145, 0.06969922), (-0.017315969, 0.004824897, 0.06969922), (-0.0068974686, -0.02041731, 0.06969922), (-0.004552624, -0.029872948, 0.06969922), (-1.9311905e-7, -0.029872948, 0.06969922), (-1.9311905e-7, -0.022762157, 0.06969922), (-0.037313566, -0.022489678, 0.06969922), (-0.036419626, -0.029872948, 0.06969922), (-0.031867195, -0.029872948, 0.06969922), (-0.034212045, -0.02041731, 0.06969922), (-0.040972054, -0.023217399, 0.06969922), (-0.040972054, -0.029872948, 0.06969922), (0.020417104, -0.02041731, 0.06969922), (0.022761948, -0.029872948, 0.06969922), (0.02731438, -0.029872948, 0.06969922), (0.02731438, -0.022762155, 0.06969922), (-0.049804438, -0.017315786, 0.06969922), (-0.050532155, -0.013657297, 0.06969922), (-0.049804438, -0.009998804, 0.06969922), (-0.054629344, -0.029872948, 0.06969922), (-0.02731477, -0.022762157, 0.06969922), (-0.02731477, -0.018209726, 0.06969922), (-0.032139674, -0.017315786, 0.06969922), (-0.02731477, -0.013657297, 0.06969922), (-0.031411953, -0.013657297, 0.06969922), (-0.02731477, -0.009104867, 0.06969922), (-0.032139674, -0.009998804, 0.06969922), (0.0068970826, -0.02041731, 0.06969922), (0.004552238, -0.029872948, 0.06969922), (0.009104662, -0.029872948, 0.06969922), (0.009998603, -0.022489678, 0.06969922), (-0.009998989, -0.022489678, 0.06969922), (-0.009105048, -0.029872948, 0.06969922), (-0.01365748, -0.023217399, 0.06969922), (-0.01365748, -0.029872948, 0.06969922), (-0.017315969, -0.022489678, 0.06969922), (-0.01820991, -0.029872948, 0.06969922), (-0.02041749, -0.02041731, 0.06969922), (-0.022762334, -0.029872948, 0.06969922), (-0.022489864, -0.017315786, 0.06969922), (-0.023217581, -0.013657297, 0.06969922), (-0.022489864, -0.009998804, 0.06969922), (-0.02731477, -0.029872948, 0.06969922), (-1.9311905e-7, -0.018209726, 0.06969922), (-0.004825101, -0.017315786, 0.06969922), (-1.9311905e-7, -0.013657297, 0.06969922), (-0.0040973783, -0.013657297, 0.06969922), (-1.9311905e-7, -0.009104868, 0.06969922), (-0.004825101, -0.009998804, 0.06969922), (-1.9311905e-7, -0.004552439, 0.06969922), (-0.0068974686, -0.006897284, 0.06969922), (-0.0068974686, 0.0068972665, 0.06969922), (-0.009998989, 0.004824897, 0.06969922), (-0.009998989, -0.0048249145, 0.06969922), (0.03186681, -0.029872948, 0.06969922), (0.03421166, -0.02041731, 0.06969922), (0.01731559, -0.022489678, 0.06969922), (0.018209532, -0.029872948, 0.06969922), (0.013657093, -0.023217399, 0.06969922), (0.013657093, -0.029872948, 0.06969922), (0.047731698, -0.02041731, 0.06969922), (0.050076533, -0.029872948, 0.06969922), (0.054628965, -0.029872948, 0.06969922), (0.054628965, -0.022762155, 0.06969922), (0.0048247147, -0.017315786, 0.06969922), (0.0040969993, -0.013657297, 0.06969922), (0.0048247147, -0.009998804, 0.06969922), (0.0068970826, -0.006897284, 0.06969922), (0.02731438, -0.018209724, 0.06969922), (0.022489479, -0.017315786, 0.06969922), (0.02731438, -0.013657297, 0.06969922), (0.023217194, -0.013657297, 0.06969922), (0.02731438, -0.009104868, 0.06969922), (0.022489479, -0.009998804, 0.06969922), (0.02731438, -0.004552439, 0.06969922), (0.020417104, -0.006897284, 0.06969922), (0.037313182, 0.004824897, 0.06969922), (0.037313182, -0.0048249145, 0.06969922), (0.040971674, -0.0040971944, 0.06969922), (0.040971674, 0.0040971767, 0.06969922), (0.071944736, 0.004824897, 0.06969922), (0.071944736, -0.0048249145, 0.06969922), (0.075046256, -0.006897284, 0.06969922), (0.075046256, 0.0068972665, 0.06969922), (0.075046256, -0.02041731, 0.06969922), (0.07739111, -0.029872948, 0.06969922), (0.08194354, -0.029872948, 0.06969922), (0.08194354, -0.022762155, 0.06969922), (0.044630162, -0.022489678, 0.06969922), (0.045524105, -0.029872948, 0.06969922), (0.040971674, -0.023217399, 0.06969922), (0.040971674, -0.029872948, 0.06969922), (0.037313182, -0.022489678, 0.06969922), (0.036419243, -0.029872948, 0.06969922), (0.032139294, -0.017315786, 0.06969922), (0.031411573, -0.013657297, 0.06969922), (0.032139294, -0.009998804, 0.06969922), (0.03421166, -0.006897284, 0.06969922), (-0.054629344, 0.02276214, 0.06969922), (-0.054629344, 0.029872932, 0.06969922), (-0.059181776, 0.029872932, 0.06969922), (-0.06152662, 0.020417292, 0.06969922), (0.054628965, -0.018209726, 0.06969922), (0.04980405, -0.017315786, 0.06969922), (0.054628965, -0.013657297, 0.06969922), (0.050531767, -0.013657297, 0.06969922), (0.054628965, -0.009104868, 0.06969922), (0.04980405, -0.009998804, 0.06969922), (0.054628965, -0.004552439, 0.06969922), (0.047731698, -0.006897284, 0.06969922), (0.06828625, 0.0040971767, 0.06969922), (0.06462775, 0.004824897, 0.06969922), (0.06462775, -0.0048249145, 0.06969922), (0.06828625, -0.0040971944, 0.06969922), (0.071944736, -0.022489678, 0.06969922), (0.072838664, -0.029872948, 0.06969922), (0.06828625, -0.023217399, 0.06969922), (0.06828625, -0.029872948, 0.06969922), (0.06462775, -0.022489678, 0.06969922), (0.06373383, -0.029872948, 0.06969922), (0.061526235, -0.02041731, 0.06969922), (0.05918138, -0.029872948, 0.06969922), (0.059453882, -0.017315786, 0.06969922), (0.05872615, -0.013657297, 0.06969922), (0.059453882, -0.009998804, 0.06969922), (0.061526235, -0.006897284, 0.06969922), (0.08194354, -0.018209724, 0.06969922), (0.077118635, -0.017315786, 0.06969922), (0.08194354, -0.013657297, 0.06969922), (0.07784634, -0.013657297, 0.06969922), (0.08194354, -0.009104867, 0.06969922), (0.077118635, -0.009998804, 0.06969922), (0.08194354, -0.004552438, 0.06969922), (0.061526235, 0.0068972665, 0.06739005), (0.054628965, 0.0045524207, 0.06739005), (-0.0637342, -0.029872948, 0.06969922), (-0.0637342, -0.029872948, 0.061038766), (-0.059181776, -0.029872948, 0.061038766), (-0.059181776, -0.029872948, 0.06969922), (-0.031867195, -0.029872948, 0.06969922), (-0.031867195, -0.029872948, 0.061038766), (-0.02731477, -0.029872948, 0.061038766), (-0.02731477, -0.029872948, 0.06969922), (-0.047732066, -0.02041731, 0.06739005), (-0.049804438, -0.017315786, 0.06739005), (-0.049804438, -0.017315786, 0.06969922), (-0.047732066, -0.02041731, 0.06969922), (0.03421166, -0.02041731, 0.06739005), (0.032139294, -0.017315786, 0.06739005), (0.032139294, -0.017315786, 0.06969922), (0.03421166, -0.02041731, 0.06969922), (-0.050532155, -0.013657297, 0.06739005), (-0.050532155, -0.013657297, 0.06969922), (0.031411573, -0.013657297, 0.06739005), (0.031411573, -0.013657297, 0.06969922), (-0.049804438, -0.009998804, 0.06739005), (-0.049804438, -0.009998804, 0.06969922), (0.032139294, -0.009998804, 0.06739005), (0.032139294, -0.009998804, 0.06969922), (-0.047732066, -0.006897284, 0.06739005), (-0.047732066, -0.006897284, 0.06969922), (0.03421166, -0.006897284, 0.06739005), (0.03421166, -0.006897284, 0.06969922), (-0.07739148, -0.027314585, 0.06739005), (-0.07283906, -0.027314585, 0.06739005), (-0.07283906, -0.027314585, 0.061038766), (-0.07739148, -0.027314585, 0.061038766), (-0.032139674, -0.017315786, 0.06739005), (-0.034212045, -0.02041731, 0.06739005), (-0.034212045, -0.02041731, 0.06969922), (-0.032139674, -0.017315786, 0.06969922), (0.04980405, -0.017315786, 0.06739005), (0.047731698, -0.02041731, 0.06739005), (0.047731698, -0.02041731, 0.06969922), (0.04980405, -0.017315786, 0.06969922), (-0.031411953, -0.013657297, 0.06739005), (-0.031411953, -0.013657297, 0.06969922), (0.050531767, -0.013657297, 0.06739005), (0.050531767, -0.013657297, 0.06969922), (-0.032139674, -0.009998804, 0.06739005), (-0.031411953, -0.013657297, 0.06739005), (-0.031411953, -0.013657297, 0.06969922), (-0.032139674, -0.009998804, 0.06969922), (0.04980405, -0.009998804, 0.06739005), (0.050531767, -0.013657297, 0.06739005), (0.050531767, -0.013657297, 0.06969922), (0.04980405, -0.009998804, 0.06969922), (-0.034212045, -0.006897284, 0.06739005), (-0.034212045, -0.006897284, 0.06969922), (0.047731698, -0.006897284, 0.06739005), (0.047731698, -0.006897284, 0.06969922), (-0.037313566, -0.022489678, 0.06739005), (-0.037313566, -0.022489678, 0.06969922), (0.044630162, -0.022489678, 0.06739005), (0.044630162, -0.022489678, 0.06969922), (-0.037313566, -0.0048249145, 0.06739005), (-0.037313566, -0.0048249145, 0.06969922), (0.044630162, -0.0048249145, 0.06739005), (0.044630162, -0.0048249145, 0.06969922), (-0.040972054, -0.023217399, 0.06739005), (-0.040972054, -0.023217399, 0.06969922), (-0.06828663, -0.029872948, 0.06969922), (-0.06828663, -0.029872948, 0.061038766), (0.040971674, -0.023217399, 0.06739005), (0.040971674, -0.023217399, 0.06969922), (-0.040972054, -0.0040971944, 0.06739005), (-0.040972054, -0.0040971944, 0.06969922), (0.040971674, -0.0040971944, 0.06739005), (0.040971674, -0.0040971944, 0.06969922), (-0.04463055, -0.022489678, 0.06739005), (-0.04463055, -0.022489678, 0.06969922), (0.037313182, -0.022489678, 0.06739005), (0.037313182, -0.022489678, 0.06969922), (-0.04463055, -0.0048249145, 0.06739005), (-0.04463055, -0.0048249145, 0.06969922), (0.037313182, -0.0048249145, 0.06739005), (0.037313182, -0.0048249145, 0.06969922), (0.018209532, -0.027314585, 0.06739005), (0.022761948, -0.027314585, 0.06739005), (0.022761948, -0.027314585, 0.061038766), (0.018209532, -0.027314585, 0.061038766), (0.07739111, -0.029872948, 0.061038766), (0.07739111, -0.029872948, 0.06969922), (0.072838664, -0.029872948, 0.06969922), (0.072838664, -0.029872948, 0.061038766), (-0.081943914, -0.027314585, 0.06739005), (-0.081943914, -0.027314585, 0.061038766), (-0.07283906, -0.029872948, 0.06969922), (-0.07283906, -0.029872948, 0.061038766), (0.013657093, -0.027314585, 0.06739005), (0.013657093, -0.027314585, 0.061038766), (0.06828625, -0.029872948, 0.06969922), (0.06828625, -0.029872948, 0.061038766), (-0.02041749, -0.02041731, 0.06739005), (-0.022489864, -0.017315786, 0.06739005), (-0.022489864, -0.017315786, 0.06969922), (-0.02041749, -0.02041731, 0.06969922), (-0.023217581, -0.013657297, 0.06739005), (-0.023217581, -0.013657297, 0.06969922), (-0.022489864, -0.009998804, 0.06739005), (-0.022489864, -0.009998804, 0.06969922), (0.061526235, -0.02041731, 0.06739005), (0.059453882, -0.017315786, 0.06739005), (0.059453882, -0.017315786, 0.06969922), (0.061526235, -0.02041731, 0.06969922), (-0.02041749, -0.006897284, 0.06739005), (-0.02041749, -0.006897284, 0.06969922), (0.05872615, -0.013657297, 0.06739005), (0.05872615, -0.013657297, 0.06969922), (0.059453882, -0.009998804, 0.06739005), (0.059453882, -0.009998804, 0.06969922), (0.061526235, -0.006897284, 0.06739005), (0.061526235, -0.006897284, 0.06969922), (-0.004825101, -0.017315786, 0.06739005), (-0.0068974686, -0.02041731, 0.06739005), (-0.0068974686, -0.02041731, 0.06969922), (-0.004825101, -0.017315786, 0.06969922), (-0.0040973783, -0.013657297, 0.06739005), (-0.0040973783, -0.013657297, 0.06969922), (-0.004825101, -0.009998804, 0.06739005), (-0.0040973783, -0.013657297, 0.06739005), (-0.0040973783, -0.013657297, 0.06969922), (-0.004825101, -0.009998804, 0.06969922), (0.077118635, -0.017315786, 0.06739005), (0.075046256, -0.02041731, 0.06739005), (0.075046256, -0.02041731, 0.06969922), (0.077118635, -0.017315786, 0.06969922), (-0.0068974686, -0.006897284, 0.06739005), (-0.0068974686, -0.006897284, 0.06969922), (0.07784634, -0.013657297, 0.06739005), (0.07784634, -0.013657297, 0.06969922), (-0.009998989, -0.022489678, 0.06739005), (-0.009998989, -0.022489678, 0.06969922), (0.077118635, -0.009998804, 0.06739005), (0.07784634, -0.013657297, 0.06739005), (0.07784634, -0.013657297, 0.06969922), (0.077118635, -0.009998804, 0.06969922), (-0.009998989, -0.0048249145, 0.06739005), (-0.009998989, -0.0048249145, 0.06969922), (0.075046256, -0.006897284, 0.06739005), (0.075046256, -0.006897284, 0.06969922), (-0.01365748, -0.023217399, 0.06739005), (-0.01365748, -0.023217399, 0.06969922), (0.071944736, -0.022489678, 0.06739005), (0.071944736, -0.022489678, 0.06969922), (-0.01365748, -0.0040971944, 0.06739005), (-0.01365748, -0.0040971944, 0.06969922), (0.071944736, -0.0048249145, 0.06739005), (0.071944736, -0.0048249145, 0.06969922), (-0.017315969, -0.022489678, 0.06739005), (-0.017315969, -0.022489678, 0.06969922), (0.06828625, -0.023217399, 0.06739005), (0.06828625, -0.023217399, 0.06969922), (-0.017315969, -0.0048249145, 0.06739005), (-0.017315969, -0.0048249145, 0.06969922), (0.06828625, -0.0040971944, 0.06739005), (0.06828625, -0.0040971944, 0.06969922), (0.06462775, -0.022489678, 0.06739005), (0.06462775, -0.022489678, 0.06969922), (0.06462775, -0.0048249145, 0.06739005), (0.06462775, -0.0048249145, 0.06969922), (-0.059181776, -0.027314585, 0.06739005), (-0.054629344, -0.027314585, 0.06739005), (-0.054629344, -0.027314585, 0.061038766), (-0.059181776, -0.027314585, 0.061038766), (-0.050076913, -0.027314585, 0.06739005), (-0.050076913, -0.027314585, 0.061038766), (-0.07739148, -0.029872948, 0.06969922), (-0.07739148, -0.029872948, 0.061038766), (0.009104662, -0.027314585, 0.06739005), (0.009104662, -0.027314585, 0.061038766), (0.0068970826, -0.02041731, 0.06739005), (0.0048247147, -0.017315786, 0.06739005), (0.0048247147, -0.017315786, 0.06969922), (0.0068970826, -0.02041731, 0.06969922), (0.0040969993, -0.013657297, 0.06739005), (0.0040969993, -0.013657297, 0.06969922), (-0.07504664, -0.02041731, 0.06739005), (-0.077119015, -0.017315786, 0.06739005), (-0.077119015, -0.017315786, 0.06969922), (-0.07504664, -0.02041731, 0.06969922), (0.0048247147, -0.009998804, 0.06739005), (0.0048247147, -0.009998804, 0.06969922), (-0.077846736, -0.013657297, 0.06739005), (-0.077846736, -0.013657297, 0.06969922), (0.0068970826, -0.006897284, 0.06739005), (0.0068970826, -0.006897284, 0.06969922), (-0.077119015, -0.009998804, 0.06739005), (-0.077119015, -0.009998804, 0.06969922), (-0.07504664, -0.006897284, 0.06739005), (-0.07504664, -0.006897284, 0.06969922), (0.022489479, -0.017315786, 0.06739005), (0.020417104, -0.02041731, 0.06739005), (0.020417104, -0.02041731, 0.06969922), (0.022489479, -0.017315786, 0.06969922), (0.023217194, -0.013657297, 0.06739005), (0.023217194, -0.013657297, 0.06969922), (-0.059454247, -0.017315786, 0.06739005), (-0.06152662, -0.02041731, 0.06739005), (-0.06152662, -0.02041731, 0.06969922), (-0.059454247, -0.017315786, 0.06969922), (0.022489479, -0.009998804, 0.06739005), (0.023217194, -0.013657297, 0.06739005), (0.023217194, -0.013657297, 0.06969922), (0.022489479, -0.009998804, 0.06969922), (-0.058726527, -0.013657297, 0.06739005), (-0.058726527, -0.013657297, 0.06969922), (0.020417104, -0.006897284, 0.06739005), (0.020417104, -0.006897284, 0.06969922), (-0.059454247, -0.009998804, 0.06739005), (-0.058726527, -0.013657297, 0.06739005), (-0.058726527, -0.013657297, 0.06969922), (-0.059454247, -0.009998804, 0.06969922), (0.01731559, -0.022489678, 0.06739005), (0.01731559, -0.022489678, 0.06969922), (-0.06152662, -0.006897284, 0.06739005), (-0.06152662, -0.006897284, 0.06969922), (0.01731559, -0.0048249145, 0.06739005), (0.01731559, -0.0048249145, 0.06969922), (-0.06462814, -0.022489678, 0.06739005), (-0.06462814, -0.022489678, 0.06969922), (0.013657093, -0.023217399, 0.06739005), (0.013657093, -0.023217399, 0.06969922), (-0.06462814, -0.0048249145, 0.06739005), (-0.06462814, -0.0048249145, 0.06969922), (0.013657093, -0.0040971944, 0.06739005), (0.013657093, -0.0040971944, 0.06969922), (-0.06828663, -0.023217399, 0.06739005), (-0.06828663, -0.023217399, 0.06969922), (0.009998603, -0.022489678, 0.06739005), (0.009998603, -0.022489678, 0.06969922), (-0.06828663, -0.0040971944, 0.06739005), (-0.06828663, -0.0040971944, 0.06969922), (0.009998603, -0.0048249145, 0.06739005), (0.009998603, -0.0048249145, 0.06969922), (-0.07194513, -0.022489678, 0.06739005), (-0.07194513, -0.022489678, 0.06969922), (-0.07194513, -0.0048249145, 0.06739005), (-0.07194513, -0.0048249145, 0.06969922), (0.06373383, -0.029872948, 0.06969922), (0.06373383, -0.029872948, 0.061038766), (-0.031867195, -0.027314585, 0.06739005), (-0.02731477, -0.027314585, 0.06739005), (-0.02731477, -0.027314585, 0.061038766), (-0.031867195, -0.027314585, 0.061038766), (-0.036419626, -0.029872948, 0.06969922), (-0.036419626, -0.029872948, 0.061038766), (0.040971674, -0.029872948, 0.06969922), (0.040971674, -0.029872948, 0.061038766), (0.045524105, -0.029872948, 0.061038766), (0.045524105, -0.029872948, 0.06969922), (-0.004552624, -0.029872948, 0.06969922), (-0.004552624, -0.029872948, 0.061038766), (-1.9311905e-7, -0.029872948, 0.061038766), (-1.9311905e-7, -0.029872948, 0.06969922), (0.050076533, -0.029872948, 0.061038766), (0.050076533, -0.029872948, 0.06969922), (0.08194354, -0.029872948, 0.061038766), (0.08194354, -0.029872948, 0.06969922), (0.004552238, -0.029872948, 0.061038766), (0.004552238, -0.029872948, 0.06969922), (0.054628965, -0.029872948, 0.061038766), (0.054628965, -0.029872948, 0.06969922), (-0.054629344, 0.029872932, 0.061038766), (-0.059181776, 0.029872932, 0.061038766), (-0.059181776, 0.029872932, 0.06969922), (-0.054629344, 0.029872932, 0.06969922), (0.05918138, -0.029872948, 0.061038766), (0.05918138, -0.029872948, 0.06969922), (-0.022762334, -0.029872948, 0.061038766), (-0.022762334, -0.029872948, 0.06969922), (-0.01820991, -0.029872948, 0.061038766), (-0.01820991, -0.029872948, 0.06969922), (-0.01365748, -0.029872948, 0.061038766), (-0.01365748, -0.029872948, 0.06969922), (-0.009105048, -0.029872948, 0.061038766), (-0.009105048, -0.029872948, 0.06969922), (0.009104662, -0.029872948, 0.061038766), (0.009104662, -0.029872948, 0.06969922), (0.013657093, -0.029872948, 0.061038766), (0.013657093, -0.029872948, 0.06969922), (0.018209532, -0.029872948, 0.061038766), (0.018209532, -0.029872948, 0.06969922), (-0.081943914, -0.029872948, 0.06969922), (-0.081943914, -0.029872948, 0.061038766), (0.022761948, -0.029872948, 0.061038766), (0.022761948, -0.029872948, 0.06969922), (0.02731438, -0.029872948, 0.06969922), (0.02731438, -0.029872948, 0.061038766), (0.03186681, -0.029872948, 0.061038766), (0.03186681, -0.029872948, 0.06969922), (-0.050076913, -0.029872948, 0.06969922), (-0.050076913, -0.029872948, 0.061038766), (-0.045524485, -0.029872948, 0.061038766), (-0.045524485, -0.029872948, 0.06969922), (-0.054629344, -0.029872948, 0.061038766), (-0.054629344, -0.029872948, 0.06969922), (-0.040972054, -0.029872948, 0.061038766), (-0.040972054, -0.029872948, 0.06969922), (0.036419243, -0.029872948, 0.061038766), (0.036419243, -0.029872948, 0.06969922), (0.004552238, -0.027314585, 0.06739005), (0.004552238, -0.027314585, 0.061038766), (-1.9311905e-7, -0.027314585, 0.06739005), (-1.9311905e-7, -0.027314585, 0.061038766), (-0.009105048, -0.027314585, 0.06739005), (-0.004552624, -0.027314585, 0.06739005), (-0.004552624, -0.027314585, 0.061038766), (-0.009105048, -0.027314585, 0.061038766), (0.02731438, -0.027314585, 0.06739005), (0.02731438, -0.027314585, 0.061038766), (-0.01365748, -0.027314585, 0.06739005), (-0.01365748, -0.027314585, 0.061038766), (0.072838664, -0.027314585, 0.06739005), (0.07739111, -0.027314585, 0.06739005), (0.07739111, -0.027314585, 0.061038766), (0.072838664, -0.027314585, 0.061038766), (-0.01820991, -0.027314585, 0.06739005), (-0.01820991, -0.027314585, 0.061038766), (0.06828625, -0.027314585, 0.06739005), (0.06828625, -0.027314585, 0.061038766), (-0.022762334, -0.027314585, 0.06739005), (-0.022762334, -0.027314585, 0.061038766), (0.06373383, -0.027314585, 0.06739005), (0.06373383, -0.027314585, 0.061038766), (-0.081943914, -0.027314585, 0.061038766), (-0.07739148, -0.027314585, 0.061038766), (-0.07739148, -0.029872948, 0.061038766), (-0.081943914, -0.029872948, 0.061038766), (0.013657093, -0.027314585, 0.061038766), (0.018209532, -0.027314585, 0.061038766), (0.018209532, -0.029872948, 0.061038766), (0.013657093, -0.029872948, 0.061038766), (-0.059181776, -0.027314585, 0.061038766), (-0.054629344, -0.027314585, 0.061038766), (-0.054629344, -0.029872948, 0.061038766), (-0.059181776, -0.029872948, 0.061038766), (-0.050076913, -0.027314585, 0.061038766), (-0.050076913, -0.029872948, 0.061038766), (0.009104662, -0.027314585, 0.061038766), (0.009104662, -0.029872948, 0.061038766), (-0.031867195, -0.027314585, 0.061038766), (-0.02731477, -0.027314585, 0.061038766), (-0.02731477, -0.029872948, 0.061038766), (-0.031867195, -0.029872948, 0.061038766), (0.004552238, -0.027314585, 0.061038766), (0.004552238, -0.029872948, 0.061038766), (-1.9311905e-7, -0.027314585, 0.061038766), (-1.9311905e-7, -0.029872948, 0.061038766), (-0.009105048, -0.027314585, 0.061038766), (-0.004552624, -0.027314585, 0.061038766), (-0.004552624, -0.029872948, 0.061038766), (-0.009105048, -0.029872948, 0.061038766), (0.022761948, -0.027314585, 0.061038766), (0.02731438, -0.027314585, 0.061038766), (0.02731438, -0.029872948, 0.061038766), (0.022761948, -0.029872948, 0.061038766), (-0.01365748, -0.027314585, 0.061038766), (-0.01365748, -0.029872948, 0.061038766), (0.072838664, -0.027314585, 0.061038766), (0.07739111, -0.027314585, 0.061038766), (0.07739111, -0.029872948, 0.061038766), (0.072838664, -0.029872948, 0.061038766), (-0.01820991, -0.027314585, 0.061038766), (-0.01820991, -0.029872948, 0.061038766), (0.06828625, -0.027314585, 0.061038766), (0.06828625, -0.029872948, 0.061038766), (-0.022762334, -0.027314585, 0.061038766), (-0.022762334, -0.029872948, 0.061038766), (0.06373383, -0.027314585, 0.061038766), (0.06373383, -0.029872948, 0.061038766), (-0.07283906, -0.027314585, 0.061038766), (-0.07283906, -0.029872948, 0.061038766), (-0.06828663, -0.027314585, 0.061038766), (-0.06828663, -0.029872948, 0.061038766), (0.050076533, -0.027314585, 0.061038766), (0.054628965, -0.027314585, 0.061038766), (0.054628965, -0.029872948, 0.061038766), (0.050076533, -0.029872948, 0.061038766), (-0.0637342, -0.027314585, 0.061038766), (-0.0637342, -0.029872948, 0.061038766), (-0.045524485, -0.027314585, 0.061038766), (-0.045524485, -0.029872948, 0.061038766), (0.03186681, -0.027314585, 0.061038766), (0.03186681, -0.029872948, 0.061038766), (-0.040972054, -0.027314585, 0.061038766), (-0.040972054, -0.029872948, 0.061038766), (0.036419243, -0.027314585, 0.061038766), (0.036419243, -0.029872948, 0.061038766), (-0.036419626, -0.027314585, 0.061038766), (-0.036419626, -0.029872948, 0.061038766), (0.040971674, -0.027314585, 0.061038766), (0.040971674, -0.029872948, 0.061038766), (0.045524105, -0.027314585, 0.061038766), (0.045524105, -0.029872948, 0.061038766), (0.08194354, -0.027314585, 0.061038766), (0.08194354, -0.029872948, 0.061038766), (0.05918138, -0.027314585, 0.061038766), (0.05918138, -0.029872948, 0.061038766), (-0.06828663, -0.027314585, 0.06739005), (-0.06828663, -0.027314585, 0.061038766), (0.050076533, -0.027314585, 0.06739005), (0.054628965, -0.027314585, 0.06739005), (0.054628965, -0.027314585, 0.061038766), (0.050076533, -0.027314585, 0.061038766), (-0.0637342, -0.027314585, 0.06739005), (-0.0637342, -0.027314585, 0.061038766), (-0.045524485, -0.027314585, 0.06739005), (-0.045524485, -0.027314585, 0.061038766), (0.03186681, -0.027314585, 0.06739005), (0.03186681, -0.027314585, 0.061038766), (-0.040972054, -0.027314585, 0.06739005), (-0.040972054, -0.027314585, 0.061038766), (0.036419243, -0.027314585, 0.06739005), (0.036419243, -0.027314585, 0.061038766), (-0.036419626, -0.027314585, 0.06739005), (-0.036419626, -0.027314585, 0.061038766), (0.040971674, -0.027314585, 0.06739005), (0.040971674, -0.027314585, 0.061038766), (0.045524105, -0.027314585, 0.06739005), (0.045524105, -0.027314585, 0.061038766), (0.08194354, -0.027314585, 0.06739005), (0.08194354, -0.027314585, 0.061038766), (0.05918138, -0.027314585, 0.06739005), (0.05918138, -0.027314585, 0.061038766), (0.01731559, 0.004824897, 0.06969922), (0.013657093, 0.0040971767, 0.06969922), (0.013657093, -0.0040971944, 0.06969922), (0.01731559, -0.0048249145, 0.06969922), (0.009998603, 0.004824897, 0.06969922), (0.009998603, -0.0048249145, 0.06969922), (0.0068970826, 0.0068972665, 0.06969922), (0.03421166, 0.0068972665, 0.06969922), (0.02731438, 0.0045524207, 0.06969922), (-1.9311905e-7, 0.0045524207, 0.06969922), (0.061526235, 0.0068972665, 0.06969922), (0.08194354, 0.0045524198, 0.06969922), (0.054628965, 0.0045524207, 0.06969922), (0.047731698, 0.0068972665, 0.06969922), (0.044630162, 0.004824897, 0.06969922), (0.044630162, -0.0048249145, 0.06969922), (0.020417104, 0.0068972665, 0.06969922), (-0.01365748, 0.0040971767, 0.06969922), (-0.01365748, -0.0040971944, 0.06969922), (-0.037313566, 0.004824897, 0.06969922), (-0.037313566, -0.0048249145, 0.06969922), (-0.040972054, 0.0040971767, 0.06969922), (-0.040972054, -0.0040971944, 0.06969922), (-0.054629344, 0.0045524207, 0.06969922), (-0.06152662, 0.0068972665, 0.06969922), (-0.06462814, 0.004824897, 0.06969922), (-0.06462814, -0.0048249145, 0.06969922), (-0.06828663, 0.0040971767, 0.06969922), (-0.06828663, -0.0040971944, 0.06969922), (-0.07194513, 0.004824897, 0.06969922), (-0.07194513, -0.0048249145, 0.06969922), (-0.07504664, 0.0068972665, 0.06969922), (-0.081943914, 0.0045524207, 0.06969922), (0.01731559, 0.004824897, 0.06739005), (0.01731559, -0.0048249145, 0.06739005), (0.013657093, -0.0040971944, 0.06739005), (0.013657093, 0.0040971767, 0.06739005), (0.009998603, -0.0048249145, 0.06739005), (0.009998603, 0.004824897, 0.06739005), (0.0068970826, 0.0068972665, 0.06739005), (0.03421166, 0.0068972665, 0.06739005), (0.02731438, 0.0045524207, 0.06739005), (-1.9311905e-7, 0.0045524207, 0.06739005), (0.08194354, 0.0045524198, 0.06739005), (0.047731698, 0.0068972665, 0.06739005), (0.044630162, 0.004824897, 0.06739005), (0.044630162, -0.0048249145, 0.06739005), (0.020417104, 0.0068972665, 0.06739005), (-0.01365748, 0.0040971767, 0.06739005), (-0.01365748, -0.0040971944, 0.06739005), (-0.037313566, -0.0048249145, 0.06739005), (-0.037313566, 0.004824897, 0.06739005), (-0.040972054, -0.0040971944, 0.06739005), (-0.040972054, 0.0040971767, 0.06739005), (-0.054629344, 0.0045524207, 0.06739005), (-0.06152662, 0.0068972665, 0.06739005), (-0.06462814, 0.004824897, 0.06739005), (-0.06462814, -0.0048249145, 0.06739005), (-0.06828663, 0.0040971767, 0.06739005), (-0.06828663, -0.0040971944, 0.06739005), (-0.07194513, 0.004824897, 0.06739005), (-0.07194513, -0.0048249145, 0.06739005), (-0.07504664, 0.0068972665, 0.06739005), (-0.081943914, 0.0045524207, 0.06739005), (-0.0637342, 0.027314566, 0.06739005), (-0.059181776, 0.027314566, 0.06739005), (-0.06152662, 0.020417292, 0.06739005), (-0.06462814, 0.022489661, 0.06739005), (-0.06828663, 0.027314566, 0.06739005), (-0.06828663, 0.02321738, 0.06739005), (-0.07283906, 0.027314566, 0.06739005), (-0.07194513, 0.022489661, 0.06739005), (-0.07739148, 0.027314566, 0.06739005), (-0.07504664, 0.020417292, 0.06739005), (-0.081943914, 0.027314566, 0.06739005), (-0.081943914, 0.02276214, 0.06739005), (-0.077119015, 0.01731577, 0.06739005), (-0.081943914, 0.018209709, 0.06739005), (-0.077846736, 0.013657279, 0.06739005), (-0.081943914, 0.013657279, 0.06739005), (-0.077119015, 0.009998786, 0.06739005), (-0.081943914, 0.009104851, 0.06739005), (-0.054629344, 0.027314566, 0.06739005), (-0.054629344, 0.02276214, 0.06739005), (-0.054629344, 0.018209709, 0.06739005), (-0.059454247, 0.01731577, 0.06739005), (-0.054629344, 0.013657279, 0.06739005), (-0.058726527, 0.013657279, 0.06739005), (-0.054629344, 0.009104851, 0.06739005), (-0.059454247, 0.009998786, 0.06739005), (-0.036419626, 0.027314566, 0.06739005), (-0.031867195, 0.027314566, 0.06739005), (-0.034212045, 0.020417292, 0.06739005), (-0.037313566, 0.022489661, 0.06739005), (-0.040972054, 0.027314566, 0.06739005), (-0.040972054, 0.02321738, 0.06739005), (-0.045524485, 0.027314566, 0.06739005), (-0.04463055, 0.022489661, 0.06739005), (-0.050076913, 0.027314566, 0.06739005), (-0.047732066, 0.020417292, 0.06739005), (-0.049804438, 0.01731577, 0.06739005), (-0.050532155, 0.013657279, 0.06739005), (-0.049804438, 0.009998786, 0.06739005), (-0.02731477, 0.027314566, 0.06739005), (-0.02731477, 0.02276214, 0.06739005), (-0.02731477, 0.018209709, 0.06739005), (-0.032139674, 0.01731577, 0.06739005), (-0.02731477, 0.013657279, 0.06739005), (-0.031411953, 0.013657279, 0.06739005), (-0.02731477, 0.009104849, 0.06739005), (-0.032139674, 0.009998786, 0.06739005), (-0.009105048, 0.027314566, 0.06739005), (-0.004552624, 0.027314566, 0.06739005), (-0.0068974686, 0.020417292, 0.06739005), (-0.009998989, 0.022489661, 0.06739005), (-0.01365748, 0.027314566, 0.06739005), (-0.01365748, 0.02321738, 0.06739005), (-0.01820991, 0.027314566, 0.06739005), (-0.017315969, 0.022489661, 0.06739005), (-0.022762334, 0.027314566, 0.06739005), (-0.02041749, 0.020417292, 0.06739005), (-0.022489864, 0.01731577, 0.06739005), (-0.023217581, 0.013657279, 0.06739005), (-0.022489864, 0.009998786, 0.06739005), (-1.9311905e-7, 0.027314566, 0.06739005), (-1.9311905e-7, 0.02276214, 0.06739005), (-1.9311905e-7, 0.018209709, 0.06739005), (-0.004825101, 0.01731577, 0.06739005), (-1.9311905e-7, 0.013657279, 0.06739005), (-0.0040973783, 0.013657279, 0.06739005), (-1.9311905e-7, 0.009104851, 0.06739005), (-0.004825101, 0.009998786, 0.06739005), (0.018209532, 0.027314566, 0.06739005), (0.022761948, 0.027314566, 0.06739005), (0.020417104, 0.020417292, 0.06739005), (0.01731559, 0.022489661, 0.06739005), (0.013657093, 0.027314566, 0.06739005), (0.013657093, 0.02321738, 0.06739005), (0.009104662, 0.027314566, 0.06739005), (0.009998603, 0.022489661, 0.06739005), (0.004552238, 0.027314566, 0.06739005), (0.0068970826, 0.020417292, 0.06739005), (0.0048247147, 0.01731577, 0.06739005), (0.0040969993, 0.013657279, 0.06739005), (0.0048247147, 0.009998786, 0.06739005), (0.02731438, 0.027314566, 0.06739005), (0.02731438, 0.022762138, 0.06739005), (0.02731438, 0.018209707, 0.06739005), (0.022489479, 0.01731577, 0.06739005), (0.02731438, 0.013657279, 0.06739005), (0.023217194, 0.013657279, 0.06739005), (0.02731438, 0.009104851, 0.06739005), (0.022489479, 0.009998786, 0.06739005), (0.045524105, 0.027314566, 0.06739005), (0.050076533, 0.027314566, 0.06739005), (0.047731698, 0.020417292, 0.06739005), (0.044630162, 0.022489661, 0.06739005), (0.040971674, 0.027314566, 0.06739005), (0.040971674, 0.02321738, 0.06739005), (0.036419243, 0.027314566, 0.06739005), (0.037313182, 0.022489661, 0.06739005), (0.03186681, 0.027314566, 0.06739005), (0.03421166, 0.020417292, 0.06739005), (0.032139294, 0.01731577, 0.06739005), (0.031411573, 0.013657279, 0.06739005), (0.032139294, 0.009998786, 0.06739005), (0.054628965, 0.027314566, 0.06739005), (0.054628965, 0.022762138, 0.06739005), (0.054628965, 0.018209709, 0.06739005), (0.04980405, 0.01731577, 0.06739005), (0.054628965, 0.013657279, 0.06739005), (0.050531767, 0.013657279, 0.06739005), (0.054628965, 0.009104851, 0.06739005), (0.04980405, 0.009998786, 0.06739005), (0.072838664, 0.027314566, 0.06739005), (0.07739111, 0.027314566, 0.06739005), (0.075046256, 0.020417292, 0.06739005), (0.071944736, 0.022489661, 0.06739005), (0.06828625, 0.027314566, 0.06739005), (0.06828625, 0.02321738, 0.06739005), (0.06373383, 0.027314566, 0.06739005), (0.06462775, 0.022489661, 0.06739005), (0.05918138, 0.027314566, 0.06739005), (0.061526235, 0.020417292, 0.06739005), (0.059453882, 0.01731577, 0.06739005), (0.05872615, 0.013657279, 0.06739005), (0.059453882, 0.009998786, 0.06739005), (0.08194354, 0.027314566, 0.06739005), (0.08194354, 0.022762138, 0.06739005), (0.08194354, 0.018209707, 0.06739005), (0.077118635, 0.01731577, 0.06739005), (0.08194354, 0.013657279, 0.06739005), (0.07784634, 0.013657279, 0.06739005), (0.08194354, 0.009104849, 0.06739005), (0.077118635, 0.009998786, 0.06739005), (-0.04463055, 0.022489661, 0.06969922), (-0.045524485, 0.029872932, 0.06969922), (-0.050076913, 0.029872932, 0.06969922), (-0.047732066, 0.020417292, 0.06969922), (-0.0637342, 0.029872932, 0.06969922), (-0.06462814, 0.022489661, 0.06969922), (-0.06828663, 0.029872932, 0.06969922), (-0.06828663, 0.02321738, 0.06969922), (-0.07283906, 0.029872932, 0.06969922), (-0.07194513, 0.022489661, 0.06969922), (-0.07739148, 0.029872932, 0.06969922), (-0.07504664, 0.020417292, 0.06969922), (-0.081943914, 0.02276214, 0.06969922), (-0.081943914, 0.018209709, 0.06969922), (-0.077119015, 0.01731577, 0.06969922), (-0.081943914, 0.013657279, 0.06969922), (-0.077846736, 0.013657279, 0.06969922), (-0.081943914, 0.009104851, 0.06969922), (-0.077119015, 0.009998786, 0.06969922), (-0.081943914, 0.029872932, 0.06969922), (-0.059454247, 0.01731577, 0.06969922), (-0.054629344, 0.018209709, 0.06969922), (-0.058726527, 0.013657279, 0.06969922), (-0.054629344, 0.013657279, 0.06969922), (-0.059454247, 0.009998786, 0.06969922), (-0.054629344, 0.009104851, 0.06969922), (-1.9311905e-7, 0.02276214, 0.06969922), (-1.9311905e-7, 0.029872932, 0.06969922), (-0.004552624, 0.029872932, 0.06969922), (-0.0068974686, 0.020417292, 0.06969922), (-0.034212045, 0.020417292, 0.06969922), (-0.031867195, 0.029872932, 0.06969922), (-0.036419626, 0.029872932, 0.06969922), (-0.037313566, 0.022489661, 0.06969922), (-0.040972054, 0.029872932, 0.06969922), (-0.040972054, 0.02321738, 0.06969922), (0.02731438, 0.022762138, 0.06969922), (0.02731438, 0.029872932, 0.06969922), (0.022761948, 0.029872932, 0.06969922), (0.020417104, 0.020417292, 0.06969922), (-0.049804438, 0.01731577, 0.06969922), (-0.050532155, 0.013657279, 0.06969922), (-0.049804438, 0.009998786, 0.06969922), (-0.032139674, 0.01731577, 0.06969922), (-0.02731477, 0.018209709, 0.06969922), (-0.02731477, 0.02276214, 0.06969922), (-0.031411953, 0.013657279, 0.06969922), (-0.02731477, 0.013657279, 0.06969922), (-0.032139674, 0.009998786, 0.06969922), (-0.02731477, 0.009104849, 0.06969922), (0.009998603, 0.022489661, 0.06969922), (0.009104662, 0.029872932, 0.06969922), (0.004552238, 0.029872932, 0.06969922), (0.0068970826, 0.020417292, 0.06969922), (-0.009105048, 0.029872932, 0.06969922), (-0.009998989, 0.022489661, 0.06969922), (-0.01365748, 0.029872932, 0.06969922), (-0.01365748, 0.02321738, 0.06969922), (-0.01820991, 0.029872932, 0.06969922), (-0.017315969, 0.022489661, 0.06969922), (-0.022762334, 0.029872932, 0.06969922), (-0.02041749, 0.020417292, 0.06969922), (-0.022489864, 0.01731577, 0.06969922), (-0.023217581, 0.013657279, 0.06969922), (-0.022489864, 0.009998786, 0.06969922), (-0.02731477, 0.029872932, 0.06969922), (-0.004825101, 0.01731577, 0.06969922), (-1.9311905e-7, 0.018209709, 0.06969922), (-0.0040973783, 0.013657279, 0.06969922), (-1.9311905e-7, 0.013657279, 0.06969922), (-0.004825101, 0.009998786, 0.06969922), (-1.9311905e-7, 0.009104851, 0.06969922), (0.03421166, 0.020417292, 0.06969922), (0.03186681, 0.029872932, 0.06969922), (0.018209532, 0.029872932, 0.06969922), (0.01731559, 0.022489661, 0.06969922), (0.013657093, 0.029872932, 0.06969922), (0.013657093, 0.02321738, 0.06969922), (0.054628965, 0.022762138, 0.06969922), (0.054628965, 0.029872932, 0.06969922), (0.050076533, 0.029872932, 0.06969922), (0.047731698, 0.020417292, 0.06969922), (0.0048247147, 0.01731577, 0.06969922), (0.0040969993, 0.013657279, 0.06969922), (0.0048247147, 0.009998786, 0.06969922), (0.022489479, 0.01731577, 0.06969922), (0.02731438, 0.018209707, 0.06969922), (0.023217194, 0.013657279, 0.06969922), (0.02731438, 0.013657279, 0.06969922), (0.022489479, 0.009998786, 0.06969922), (0.02731438, 0.009104851, 0.06969922), (0.08194354, 0.022762138, 0.06969922), (0.08194354, 0.029872932, 0.06969922), (0.07739111, 0.029872932, 0.06969922), (0.075046256, 0.020417292, 0.06969922), (0.045524105, 0.029872932, 0.06969922), (0.044630162, 0.022489661, 0.06969922), (0.040971674, 0.029872932, 0.06969922), (0.040971674, 0.02321738, 0.06969922), (0.036419243, 0.029872932, 0.06969922), (0.037313182, 0.022489661, 0.06969922), (0.032139294, 0.01731577, 0.06969922), (0.031411573, 0.013657279, 0.06969922), (0.032139294, 0.009998786, 0.06969922), (0.04980405, 0.01731577, 0.06969922), (0.054628965, 0.018209709, 0.06969922), (0.050531767, 0.013657279, 0.06969922), (0.054628965, 0.013657279, 0.06969922), (0.04980405, 0.009998786, 0.06969922), (0.054628965, 0.009104851, 0.06969922), (0.072838664, 0.029872932, 0.06969922), (0.071944736, 0.022489661, 0.06969922), (0.06828625, 0.029872932, 0.06969922), (0.06828625, 0.02321738, 0.06969922), (0.06373383, 0.029872932, 0.06969922), (0.06462775, 0.022489661, 0.06969922), (0.05918138, 0.029872932, 0.06969922), (0.061526235, 0.020417292, 0.06969922), (0.059453882, 0.01731577, 0.06969922), (0.05872615, 0.013657279, 0.06969922), (0.059453882, 0.009998786, 0.06969922), (0.077118635, 0.01731577, 0.06969922), (0.08194354, 0.018209707, 0.06969922), (0.07784634, 0.013657279, 0.06969922), (0.08194354, 0.013657279, 0.06969922), (0.077118635, 0.009998786, 0.06969922), (0.08194354, 0.009104849, 0.06969922), (-0.0637342, 0.029872932, 0.061038766), (-0.0637342, 0.029872932, 0.06969922), (-0.02731477, 0.029872932, 0.06969922), (-0.02731477, 0.029872932, 0.061038766), (-0.031867195, 0.029872932, 0.061038766), (-0.031867195, 0.029872932, 0.06969922), (-0.047732066, 0.020417292, 0.06739005), (-0.047732066, 0.020417292, 0.06969922), (-0.049804438, 0.01731577, 0.06969922), (-0.049804438, 0.01731577, 0.06739005), (0.03421166, 0.020417292, 0.06739005), (0.03421166, 0.020417292, 0.06969922), (0.032139294, 0.01731577, 0.06969922), (0.032139294, 0.01731577, 0.06739005), (-0.050532155, 0.013657279, 0.06969922), (-0.050532155, 0.013657279, 0.06739005), (0.031411573, 0.013657279, 0.06969922), (0.031411573, 0.013657279, 0.06739005), (-0.049804438, 0.009998786, 0.06969922), (-0.049804438, 0.009998786, 0.06739005), (0.032139294, 0.009998786, 0.06969922), (0.032139294, 0.009998786, 0.06739005), (-0.047732066, 0.0068972665, 0.06969922), (-0.047732066, 0.0068972665, 0.06739005), (0.03421166, 0.0068972665, 0.06969922), (0.03421166, 0.0068972665, 0.06739005), (-0.07739148, 0.027314566, 0.06739005), (-0.07739148, 0.027314566, 0.061038766), (-0.07283906, 0.027314566, 0.061038766), (-0.07283906, 0.027314566, 0.06739005), (-0.032139674, 0.01731577, 0.06739005), (-0.032139674, 0.01731577, 0.06969922), (-0.034212045, 0.020417292, 0.06969922), (-0.034212045, 0.020417292, 0.06739005), (0.04980405, 0.01731577, 0.06739005), (0.04980405, 0.01731577, 0.06969922), (0.047731698, 0.020417292, 0.06969922), (0.047731698, 0.020417292, 0.06739005), (-0.031411953, 0.013657279, 0.06739005), (-0.031411953, 0.013657279, 0.06969922), (0.050531767, 0.013657279, 0.06739005), (0.050531767, 0.013657279, 0.06969922), (-0.032139674, 0.009998786, 0.06739005), (-0.032139674, 0.009998786, 0.06969922), (-0.031411953, 0.013657279, 0.06969922), (-0.031411953, 0.013657279, 0.06739005), (0.04980405, 0.009998786, 0.06739005), (0.04980405, 0.009998786, 0.06969922), (0.050531767, 0.013657279, 0.06969922), (0.050531767, 0.013657279, 0.06739005), (-0.034212045, 0.0068972665, 0.06739005), (-0.034212045, 0.0068972665, 0.06969922), (0.047731698, 0.0068972665, 0.06739005), (0.047731698, 0.0068972665, 0.06969922), (-0.037313566, 0.022489661, 0.06969922), (-0.037313566, 0.022489661, 0.06739005), (0.044630162, 0.022489661, 0.06969922), (0.044630162, 0.022489661, 0.06739005), (-0.037313566, 0.004824897, 0.06739005), (-0.037313566, 0.004824897, 0.06969922), (0.044630162, 0.004824897, 0.06739005), (0.044630162, 0.004824897, 0.06969922), (-0.040972054, 0.02321738, 0.06969922), (-0.040972054, 0.02321738, 0.06739005), (-0.06828663, 0.029872932, 0.06969922), (-0.06828663, 0.029872932, 0.061038766), (0.040971674, 0.02321738, 0.06969922), (0.040971674, 0.02321738, 0.06739005), (-0.040972054, 0.0040971767, 0.06739005), (-0.040972054, 0.0040971767, 0.06969922), (0.040971674, 0.0040971767, 0.06739005), (0.040971674, 0.0040971767, 0.06969922), (-0.04463055, 0.022489661, 0.06969922), (-0.04463055, 0.022489661, 0.06739005), (0.037313182, 0.022489661, 0.06969922), (0.037313182, 0.022489661, 0.06739005), (-0.04463055, 0.004824897, 0.06739005), (-0.04463055, 0.004824897, 0.06969922), (0.037313182, 0.004824897, 0.06739005), (0.037313182, 0.004824897, 0.06969922), (0.018209532, 0.027314566, 0.06739005), (0.018209532, 0.027314566, 0.061038766), (0.022761948, 0.027314566, 0.061038766), (0.022761948, 0.027314566, 0.06739005), (0.072838664, 0.029872932, 0.06969922), (0.07739111, 0.029872932, 0.06969922), (0.07739111, 0.029872932, 0.061038766), (0.072838664, 0.029872932, 0.061038766), (-0.081943914, 0.027314566, 0.06739005), (-0.081943914, 0.027314566, 0.061038766), (-0.07283906, 0.029872932, 0.06969922), (-0.07283906, 0.029872932, 0.061038766), (0.013657093, 0.027314566, 0.06739005), (0.013657093, 0.027314566, 0.061038766), (0.06828625, 0.029872932, 0.06969922), (0.06828625, 0.029872932, 0.061038766), (-0.02041749, 0.020417292, 0.06739005), (-0.02041749, 0.020417292, 0.06969922), (-0.022489864, 0.01731577, 0.06969922), (-0.022489864, 0.01731577, 0.06739005), (-0.023217581, 0.013657279, 0.06969922), (-0.023217581, 0.013657279, 0.06739005), (-0.022489864, 0.009998786, 0.06969922), (-0.022489864, 0.009998786, 0.06739005), (0.061526235, 0.020417292, 0.06739005), (0.061526235, 0.020417292, 0.06969922), (0.059453882, 0.01731577, 0.06969922), (0.059453882, 0.01731577, 0.06739005), (-0.02041749, 0.0068972665, 0.06969922), (-0.02041749, 0.0068972665, 0.06739005), (0.05872615, 0.013657279, 0.06969922), (0.05872615, 0.013657279, 0.06739005), (0.059453882, 0.009998786, 0.06969922), (0.059453882, 0.009998786, 0.06739005), (0.061526235, 0.0068972665, 0.06969922), (0.061526235, 0.0068972665, 0.06739005), (-0.004825101, 0.01731577, 0.06739005), (-0.004825101, 0.01731577, 0.06969922), (-0.0068974686, 0.020417292, 0.06969922), (-0.0068974686, 0.020417292, 0.06739005), (-0.0040973783, 0.013657279, 0.06739005), (-0.0040973783, 0.013657279, 0.06969922), (-0.004825101, 0.009998786, 0.06739005), (-0.004825101, 0.009998786, 0.06969922), (-0.0040973783, 0.013657279, 0.06969922), (-0.0040973783, 0.013657279, 0.06739005), (0.077118635, 0.01731577, 0.06739005), (0.077118635, 0.01731577, 0.06969922), (0.075046256, 0.020417292, 0.06969922), (0.075046256, 0.020417292, 0.06739005), (-0.0068974686, 0.0068972665, 0.06739005), (-0.0068974686, 0.0068972665, 0.06969922), (0.07784634, 0.013657279, 0.06739005), (0.07784634, 0.013657279, 0.06969922), (-0.009998989, 0.022489661, 0.06969922), (-0.009998989, 0.022489661, 0.06739005), (0.077118635, 0.009998786, 0.06739005), (0.077118635, 0.009998786, 0.06969922), (0.07784634, 0.013657279, 0.06969922), (0.07784634, 0.013657279, 0.06739005), (-0.009998989, 0.004824897, 0.06739005), (-0.009998989, 0.004824897, 0.06969922), (0.075046256, 0.0068972665, 0.06739005), (0.075046256, 0.0068972665, 0.06969922), (-0.01365748, 0.02321738, 0.06969922), (-0.01365748, 0.02321738, 0.06739005), (0.071944736, 0.022489661, 0.06969922), (0.071944736, 0.022489661, 0.06739005), (-0.01365748, 0.0040971767, 0.06739005), (-0.01365748, 0.0040971767, 0.06969922), (0.071944736, 0.004824897, 0.06739005), (0.071944736, 0.004824897, 0.06969922), (-0.017315969, 0.022489661, 0.06969922), (-0.017315969, 0.022489661, 0.06739005), (0.06828625, 0.02321738, 0.06969922), (0.06828625, 0.02321738, 0.06739005), (-0.017315969, 0.004824897, 0.06739005), (-0.017315969, 0.004824897, 0.06969922), (0.06828625, 0.0040971767, 0.06739005), (0.06828625, 0.0040971767, 0.06969922), (0.06462775, 0.022489661, 0.06969922), (0.06462775, 0.022489661, 0.06739005), (0.06462775, 0.004824897, 0.06739005), (0.06462775, 0.004824897, 0.06969922), (-0.059181776, 0.027314566, 0.06739005), (-0.059181776, 0.027314566, 0.061038766), (-0.054629344, 0.027314566, 0.061038766), (-0.054629344, 0.027314566, 0.06739005), (-0.050076913, 0.027314566, 0.061038766), (-0.050076913, 0.027314566, 0.06739005), (-0.07739148, 0.029872932, 0.061038766), (-0.07739148, 0.029872932, 0.06969922), (0.009104662, 0.027314566, 0.06739005), (0.009104662, 0.027314566, 0.061038766), (0.0068970826, 0.020417292, 0.06739005), (0.0068970826, 0.020417292, 0.06969922), (0.0048247147, 0.01731577, 0.06969922), (0.0048247147, 0.01731577, 0.06739005), (0.0040969993, 0.013657279, 0.06969922), (0.0040969993, 0.013657279, 0.06739005), (-0.07504664, 0.020417292, 0.06739005), (-0.07504664, 0.020417292, 0.06969922), (-0.077119015, 0.01731577, 0.06969922), (-0.077119015, 0.01731577, 0.06739005), (0.0048247147, 0.009998786, 0.06969922), (0.0048247147, 0.009998786, 0.06739005), (-0.077846736, 0.013657279, 0.06969922), (-0.077846736, 0.013657279, 0.06739005), (0.0068970826, 0.0068972665, 0.06969922), (0.0068970826, 0.0068972665, 0.06739005), (-0.077119015, 0.009998786, 0.06969922), (-0.077119015, 0.009998786, 0.06739005), (-0.07504664, 0.0068972665, 0.06969922), (-0.07504664, 0.0068972665, 0.06739005), (0.022489479, 0.01731577, 0.06739005), (0.022489479, 0.01731577, 0.06969922), (0.020417104, 0.020417292, 0.06969922), (0.020417104, 0.020417292, 0.06739005), (0.023217194, 0.013657279, 0.06739005), (0.023217194, 0.013657279, 0.06969922), (-0.059454247, 0.01731577, 0.06739005), (-0.059454247, 0.01731577, 0.06969922), (-0.06152662, 0.020417292, 0.06969922), (-0.06152662, 0.020417292, 0.06739005), (0.022489479, 0.009998786, 0.06739005), (0.022489479, 0.009998786, 0.06969922), (0.023217194, 0.013657279, 0.06969922), (0.023217194, 0.013657279, 0.06739005), (-0.058726527, 0.013657279, 0.06739005), (-0.058726527, 0.013657279, 0.06969922), (0.020417104, 0.0068972665, 0.06739005), (0.020417104, 0.0068972665, 0.06969922), (-0.059454247, 0.009998786, 0.06739005), (-0.059454247, 0.009998786, 0.06969922), (-0.058726527, 0.013657279, 0.06969922), (-0.058726527, 0.013657279, 0.06739005), (0.01731559, 0.022489661, 0.06969922), (0.01731559, 0.022489661, 0.06739005), (-0.06152662, 0.0068972665, 0.06739005), (-0.06152662, 0.0068972665, 0.06969922), (0.01731559, 0.004824897, 0.06739005), (0.01731559, 0.004824897, 0.06969922), (-0.06462814, 0.022489661, 0.06969922), (-0.06462814, 0.022489661, 0.06739005), (0.013657093, 0.02321738, 0.06969922), (0.013657093, 0.02321738, 0.06739005), (-0.06462814, 0.004824897, 0.06739005), (-0.06462814, 0.004824897, 0.06969922), (0.013657093, 0.0040971767, 0.06739005), (0.013657093, 0.0040971767, 0.06969922), (-0.06828663, 0.02321738, 0.06969922), (-0.06828663, 0.02321738, 0.06739005), (0.009998603, 0.022489661, 0.06969922), (0.009998603, 0.022489661, 0.06739005), (-0.06828663, 0.0040971767, 0.06739005), (-0.06828663, 0.0040971767, 0.06969922), (0.009998603, 0.004824897, 0.06739005), (0.009998603, 0.004824897, 0.06969922), (-0.07194513, 0.022489661, 0.06969922), (-0.07194513, 0.022489661, 0.06739005), (-0.07194513, 0.004824897, 0.06739005), (-0.07194513, 0.004824897, 0.06969922), (0.06373383, 0.029872932, 0.061038766), (0.06373383, 0.029872932, 0.06969922), (-0.031867195, 0.027314566, 0.06739005), (-0.031867195, 0.027314566, 0.061038766), (-0.02731477, 0.027314566, 0.061038766), (-0.02731477, 0.027314566, 0.06739005), (-0.036419626, 0.029872932, 0.061038766), (-0.036419626, 0.029872932, 0.06969922), (0.045524105, 0.029872932, 0.06969922), (0.045524105, 0.029872932, 0.061038766), (0.040971674, 0.029872932, 0.061038766), (0.040971674, 0.029872932, 0.06969922), (-1.9311905e-7, 0.029872932, 0.06969922), (-1.9311905e-7, 0.029872932, 0.061038766), (-0.004552624, 0.029872932, 0.061038766), (-0.004552624, 0.029872932, 0.06969922), (0.050076533, 0.029872932, 0.06969922), (0.050076533, 0.029872932, 0.061038766), (0.08194354, 0.029872932, 0.061038766), (0.08194354, 0.029872932, 0.06969922), (0.004552238, 0.029872932, 0.06969922), (0.004552238, 0.029872932, 0.061038766), (0.054628965, 0.029872932, 0.061038766), (0.054628965, 0.029872932, 0.06969922), (0.05918138, 0.029872932, 0.061038766), (0.05918138, 0.029872932, 0.06969922), (-0.022762334, 0.029872932, 0.06969922), (-0.022762334, 0.029872932, 0.061038766), (-0.01820991, 0.029872932, 0.06969922), (-0.01820991, 0.029872932, 0.061038766), (-0.01365748, 0.029872932, 0.06969922), (-0.01365748, 0.029872932, 0.061038766), (-0.009105048, 0.029872932, 0.06969922), (-0.009105048, 0.029872932, 0.061038766), (0.009104662, 0.029872932, 0.06969922), (0.009104662, 0.029872932, 0.061038766), (0.013657093, 0.029872932, 0.06969922), (0.013657093, 0.029872932, 0.061038766), (0.018209532, 0.029872932, 0.06969922), (0.018209532, 0.029872932, 0.061038766), (-0.081943914, 0.029872932, 0.061038766), (-0.081943914, 0.029872932, 0.06969922), (0.022761948, 0.029872932, 0.06969922), (0.022761948, 0.029872932, 0.061038766), (0.03186681, 0.029872932, 0.06969922), (0.03186681, 0.029872932, 0.061038766), (0.02731438, 0.029872932, 0.061038766), (0.02731438, 0.029872932, 0.06969922), (-0.045524485, 0.029872932, 0.06969922), (-0.045524485, 0.029872932, 0.061038766), (-0.050076913, 0.029872932, 0.061038766), (-0.050076913, 0.029872932, 0.06969922), (-0.040972054, 0.029872932, 0.06969922), (-0.040972054, 0.029872932, 0.061038766), (0.036419243, 0.029872932, 0.06969922), (0.036419243, 0.029872932, 0.061038766), (0.004552238, 0.027314566, 0.06739005), (0.004552238, 0.027314566, 0.061038766), (-1.9311905e-7, 0.027314566, 0.06739005), (-1.9311905e-7, 0.027314566, 0.061038766), (-0.009105048, 0.027314566, 0.06739005), (-0.009105048, 0.027314566, 0.061038766), (-0.004552624, 0.027314566, 0.061038766), (-0.004552624, 0.027314566, 0.06739005), (0.02731438, 0.027314566, 0.061038766), (0.02731438, 0.027314566, 0.06739005), (-0.01365748, 0.027314566, 0.06739005), (-0.01365748, 0.027314566, 0.061038766), (0.072838664, 0.027314566, 0.06739005), (0.072838664, 0.027314566, 0.061038766), (0.07739111, 0.027314566, 0.061038766), (0.07739111, 0.027314566, 0.06739005), (-0.01820991, 0.027314566, 0.06739005), (-0.01820991, 0.027314566, 0.061038766), (0.06828625, 0.027314566, 0.06739005), (0.06828625, 0.027314566, 0.061038766), (-0.022762334, 0.027314566, 0.06739005), (-0.022762334, 0.027314566, 0.061038766), (0.06373383, 0.027314566, 0.06739005), (0.06373383, 0.027314566, 0.061038766), (-0.081943914, 0.027314566, 0.061038766), (-0.081943914, 0.029872932, 0.061038766), (-0.07739148, 0.029872932, 0.061038766), (-0.07739148, 0.027314566, 0.061038766), (0.013657093, 0.027314566, 0.061038766), (0.013657093, 0.029872932, 0.061038766), (0.018209532, 0.029872932, 0.061038766), (0.018209532, 0.027314566, 0.061038766), (-0.059181776, 0.027314566, 0.061038766), (-0.059181776, 0.029872932, 0.061038766), (-0.054629344, 0.029872932, 0.061038766), (-0.054629344, 0.027314566, 0.061038766), (-0.050076913, 0.029872932, 0.061038766), (-0.050076913, 0.027314566, 0.061038766), (0.009104662, 0.027314566, 0.061038766), (0.009104662, 0.029872932, 0.061038766), (-0.031867195, 0.027314566, 0.061038766), (-0.031867195, 0.029872932, 0.061038766), (-0.02731477, 0.029872932, 0.061038766), (-0.02731477, 0.027314566, 0.061038766), (0.004552238, 0.027314566, 0.061038766), (0.004552238, 0.029872932, 0.061038766), (-1.9311905e-7, 0.027314566, 0.061038766), (-1.9311905e-7, 0.029872932, 0.061038766), (-0.009105048, 0.027314566, 0.061038766), (-0.009105048, 0.029872932, 0.061038766), (-0.004552624, 0.029872932, 0.061038766), (-0.004552624, 0.027314566, 0.061038766), (0.022761948, 0.027314566, 0.061038766), (0.022761948, 0.029872932, 0.061038766), (0.02731438, 0.029872932, 0.061038766), (0.02731438, 0.027314566, 0.061038766), (-0.01365748, 0.027314566, 0.061038766), (-0.01365748, 0.029872932, 0.061038766), (0.072838664, 0.027314566, 0.061038766), (0.072838664, 0.029872932, 0.061038766), (0.07739111, 0.029872932, 0.061038766), (0.07739111, 0.027314566, 0.061038766), (-0.01820991, 0.027314566, 0.061038766), (-0.01820991, 0.029872932, 0.061038766), (0.06828625, 0.027314566, 0.061038766), (0.06828625, 0.029872932, 0.061038766), (-0.022762334, 0.027314566, 0.061038766), (-0.022762334, 0.029872932, 0.061038766), (0.06373383, 0.027314566, 0.061038766), (0.06373383, 0.029872932, 0.061038766), (-0.07283906, 0.029872932, 0.061038766), (-0.07283906, 0.027314566, 0.061038766), (-0.06828663, 0.029872932, 0.061038766), (-0.06828663, 0.027314566, 0.061038766), (0.050076533, 0.027314566, 0.061038766), (0.050076533, 0.029872932, 0.061038766), (0.054628965, 0.029872932, 0.061038766), (0.054628965, 0.027314566, 0.061038766), (-0.0637342, 0.029872932, 0.061038766), (-0.0637342, 0.027314566, 0.061038766), (-0.045524485, 0.029872932, 0.061038766), (-0.045524485, 0.027314566, 0.061038766), (0.03186681, 0.029872932, 0.061038766), (0.03186681, 0.027314566, 0.061038766), (-0.040972054, 0.029872932, 0.061038766), (-0.040972054, 0.027314566, 0.061038766), (0.036419243, 0.029872932, 0.061038766), (0.036419243, 0.027314566, 0.061038766), (-0.036419626, 0.029872932, 0.061038766), (-0.036419626, 0.027314566, 0.061038766), (0.040971674, 0.029872932, 0.061038766), (0.040971674, 0.027314566, 0.061038766), (0.045524105, 0.029872932, 0.061038766), (0.045524105, 0.027314566, 0.061038766), (0.08194354, 0.029872932, 0.061038766), (0.08194354, 0.027314566, 0.061038766), (0.05918138, 0.029872932, 0.061038766), (0.05918138, 0.027314566, 0.061038766), (-0.06828663, 0.027314566, 0.061038766), (-0.06828663, 0.027314566, 0.06739005), (0.050076533, 0.027314566, 0.06739005), (0.050076533, 0.027314566, 0.061038766), (0.054628965, 0.027314566, 0.061038766), (0.054628965, 0.027314566, 0.06739005), (-0.0637342, 0.027314566, 0.061038766), (-0.0637342, 0.027314566, 0.06739005), (-0.045524485, 0.027314566, 0.061038766), (-0.045524485, 0.027314566, 0.06739005), (0.03186681, 0.027314566, 0.061038766), (0.03186681, 0.027314566, 0.06739005), (-0.040972054, 0.027314566, 0.061038766), (-0.040972054, 0.027314566, 0.06739005), (0.036419243, 0.027314566, 0.061038766), (0.036419243, 0.027314566, 0.06739005), (-0.036419626, 0.027314566, 0.061038766), (-0.036419626, 0.027314566, 0.06739005), (0.040971674, 0.027314566, 0.061038766), (0.040971674, 0.027314566, 0.06739005), (0.045524105, 0.027314566, 0.061038766), (0.045524105, 0.027314566, 0.06739005), (0.08194354, 0.027314566, 0.061038766), (0.08194354, 0.027314566, 0.06739005), (0.05918138, 0.027314566, 0.061038766), (0.05918138, 0.027314566, 0.06739005), (-0.08189698, -0.030046402, 0.03168486), (-0.08189698, -0.030046402, 0.023121415), (0.0818966, -0.030046402, 0.023121415), (0.0818966, -0.030046402, 0.03168486), (-0.08189698, -0.028194368, 0.029276747), (0.0818966, -0.028194368, 0.029276747), (0.0818966, -0.028194368, 0.023121415), (-0.08189698, -0.028194368, 0.023121415), (-0.08189698, -0.028194368, 0.023121415), (0.0818966, -0.028194368, 0.023121415), (0.0818966, -0.030046402, 0.023121415), (-0.08189698, -0.030046402, 0.023121415), (-0.08189698, 0.02819435, 0.029276747), (0.0818966, 0.02819435, 0.029276747), (0.0818966, -0.028194368, 0.029276747), (-0.08189698, -0.028194368, 0.029276747), (-0.08189698, 0.030046381, 0.03168486), (0.0818966, 0.030046381, 0.03168486), (0.0818966, 0.030046381, 0.023121415), (-0.08189698, 0.030046381, 0.023121415), (-0.08189698, 0.02819435, 0.029276747), (-0.08189698, 0.02819435, 0.023121415), (0.0818966, 0.02819435, 0.023121415), (0.0818966, 0.02819435, 0.029276747), (-0.08189698, 0.02819435, 0.023121415), (-0.08189698, 0.030046381, 0.023121415), (0.0818966, 0.030046381, 0.023121415), (0.0818966, 0.02819435, 0.023121415), (0.0818966, -0.030046402, 0.03168486), (0.0818966, 0.030046381, 0.03168486), (-0.08189698, 0.030046381, 0.03168486), (-0.08189698, -0.030046402, 0.03168486), (-0.08485757, -0.023386423, 0.06713729), (-0.08397959, -0.023386423, 0.06713729), (-0.08397959, -0.02313725, 0.0660456), (-0.08485757, -0.02313725, 0.0660456), (-0.08485757, -0.024084585, 0.06407844), (-0.08397959, -0.024084585, 0.06407844), (-0.08397959, -0.025093459, 0.06359259), (-0.08485756, -0.025093459, 0.06359259), (-0.08485756, -0.025093459, 0.06359259), (-0.08397959, -0.025093459, 0.06359259), (-0.08397959, -0.026213223, 0.06359259), (-0.08485756, -0.026213223, 0.06359259), (-0.08397959, -0.027222097, 0.06407844), (-0.08485757, -0.027222097, 0.06407844), (-0.08397959, -0.02792026, 0.06495391), (-0.08485757, -0.02792026, 0.06495391), (-0.08397959, -0.02816943, 0.0660456), (-0.08485757, -0.02816943, 0.0660456), (-0.08397959, -0.02792026, 0.06713729), (-0.08485757, -0.02792026, 0.06713729), (-0.08397959, -0.027222097, 0.06801276), (-0.08485757, -0.027222097, 0.06801276), (-0.08397959, -0.026213223, 0.068498604), (-0.08485757, -0.026213223, 0.068498604), (-0.08397959, -0.025093459, 0.068498604), (-0.08485757, -0.025093459, 0.068498604), (-0.08397959, -0.024084585, 0.06801276), (-0.08485757, -0.024084585, 0.06801276), (-0.08485757, -0.023386423, 0.06495391), (-0.08397959, -0.023386423, 0.06495391), (-0.08485757, -0.02313725, 0.0660456), (-0.08485757, -0.023386423, 0.06495391), (-0.085229665, -0.023730299, 0.06511951), (-0.085229665, -0.023518926, 0.0660456), (-0.08485757, -0.024084585, 0.06407844), (-0.085229665, -0.024322554, 0.064376846), (-0.08485756, -0.025093459, 0.06359259), (-0.085229665, -0.025178388, 0.063964695), (-0.08485756, -0.025093459, 0.06359259), (-0.08485756, -0.026213223, 0.06359259), (-0.085229665, -0.026128294, 0.063964695), (-0.085229665, -0.025178388, 0.063964695), (-0.08485757, -0.027222097, 0.06407844), (-0.085229665, -0.026984127, 0.064376846), (-0.08485757, -0.02792026, 0.06495391), (-0.085229665, -0.027576383, 0.06511951), (-0.08485757, -0.02816943, 0.0660456), (-0.085229665, -0.027787756, 0.0660456), (-0.08485757, -0.02792026, 0.06713729), (-0.085229665, -0.027576383, 0.06697169), (-0.08485757, -0.027222097, 0.06801276), (-0.085229665, -0.026984127, 0.06771435), (-0.08485757, -0.026213223, 0.068498604), (-0.085229665, -0.026128292, 0.0681265), (-0.08485757, -0.025093459, 0.068498604), (-0.085229665, -0.02517839, 0.0681265), (-0.08485757, -0.024084585, 0.06801276), (-0.085229665, -0.024322554, 0.06771435), (-0.08485757, -0.023386423, 0.06713729), (-0.085229665, -0.023730299, 0.06697169), (0.08485719, -0.023386423, 0.06713729), (0.08485719, -0.02313725, 0.0660456), (0.08397923, -0.02313725, 0.0660456), (0.08397923, -0.023386423, 0.06713729), (0.08485719, -0.024084585, 0.06407844), (0.08485719, -0.025093459, 0.06359259), (0.08397923, -0.025093459, 0.06359259), (0.08397923, -0.024084585, 0.06407844), (0.08485719, -0.025093459, 0.06359259), (0.08485719, -0.026213223, 0.06359259), (0.08397923, -0.026213223, 0.06359259), (0.08397923, -0.025093459, 0.06359259), (0.08485719, -0.027222097, 0.06407844), (0.08397923, -0.027222097, 0.06407844), (0.08485719, -0.02792026, 0.06495391), (0.08397923, -0.02792026, 0.06495391), (0.08485719, -0.02816943, 0.0660456), (0.08397923, -0.02816943, 0.0660456), (0.08485719, -0.02792026, 0.06713729), (0.08397923, -0.02792026, 0.06713729), (0.08485719, -0.027222097, 0.06801276), (0.08397923, -0.027222097, 0.06801276), (0.08485719, -0.026213223, 0.068498604), (0.08397923, -0.026213223, 0.068498604), (0.08485719, -0.025093459, 0.068498604), (0.08397923, -0.025093459, 0.068498604), (0.08485719, -0.024084585, 0.06801276), (0.08397923, -0.024084585, 0.06801276), (0.08485719, -0.023386423, 0.06495391), (0.08397923, -0.023386423, 0.06495391), (0.08485719, -0.02313725, 0.0660456), (0.08522929, -0.023518926, 0.0660456), (0.08522929, -0.023730299, 0.06511951), (0.08485719, -0.023386423, 0.06495391), (0.08522929, -0.024322554, 0.064376846), (0.08485719, -0.024084585, 0.06407844), (0.08522929, -0.025178388, 0.063964695), (0.08485719, -0.025093459, 0.06359259), (0.08485719, -0.025093459, 0.06359259), (0.08522929, -0.025178388, 0.063964695), (0.08522929, -0.026128294, 0.063964695), (0.08485719, -0.026213223, 0.06359259), (0.08522929, -0.026984127, 0.064376846), (0.08485719, -0.027222097, 0.06407844), (0.08522929, -0.027576383, 0.06511951), (0.08485719, -0.02792026, 0.06495391), (0.08522929, -0.027787756, 0.0660456), (0.08485719, -0.02816943, 0.0660456), (0.08522929, -0.027576383, 0.06697169), (0.08485719, -0.02792026, 0.06713729), (0.08522929, -0.026984127, 0.06771435), (0.08485719, -0.027222097, 0.06801276), (0.08522929, -0.026128292, 0.0681265), (0.08485719, -0.026213223, 0.068498604), (0.08522929, -0.02517839, 0.0681265), (0.08485719, -0.025093459, 0.068498604), (0.08522929, -0.024322554, 0.06771435), (0.08485719, -0.024084585, 0.06801276), (0.08522929, -0.023730299, 0.06697169), (0.08485719, -0.023386423, 0.06713729), (-0.08485757, 0.023386406, 0.06713729), (-0.08485757, 0.023137232, 0.0660456), (-0.08397959, 0.023137232, 0.0660456), (-0.08397959, 0.023386406, 0.06713729), (-0.08485757, 0.024084566, 0.06407844), (-0.08485756, 0.025093438, 0.06359259), (-0.08397959, 0.025093438, 0.06359259), (-0.08397959, 0.024084566, 0.06407844), (-0.08485756, 0.025093438, 0.06359259), (-0.08485756, 0.026213206, 0.06359259), (-0.08397959, 0.026213206, 0.06359259), (-0.08397959, 0.025093438, 0.06359259), (-0.08485757, 0.027222078, 0.06407844), (-0.08397959, 0.027222078, 0.06407844), (-0.08485757, 0.02792024, 0.06495391), (-0.08397959, 0.02792024, 0.06495391), (-0.08485757, 0.028169414, 0.0660456), (-0.08397959, 0.028169414, 0.0660456), (-0.08485757, 0.02792024, 0.06713729), (-0.08397959, 0.02792024, 0.06713729), (-0.08485757, 0.027222078, 0.06801276), (-0.08397959, 0.027222078, 0.06801276), (-0.08485757, 0.026213206, 0.068498604), (-0.08397959, 0.026213206, 0.068498604), (-0.08485757, 0.025093438, 0.068498604), (-0.08397959, 0.025093438, 0.068498604), (-0.08485757, 0.024084566, 0.06801276), (-0.08397959, 0.024084566, 0.06801276), (-0.08485757, 0.023386406, 0.06495391), (-0.08397959, 0.023386406, 0.06495391), (-0.08485757, 0.023137232, 0.0660456), (-0.085229665, 0.023518907, 0.0660456), (-0.085229665, 0.02373028, 0.06511951), (-0.08485757, 0.023386406, 0.06495391), (-0.085229665, 0.024322536, 0.064376846), (-0.08485757, 0.024084566, 0.06407844), (-0.085229665, 0.025178371, 0.063964695), (-0.08485756, 0.025093438, 0.06359259), (-0.08485756, 0.025093438, 0.06359259), (-0.085229665, 0.025178371, 0.063964695), (-0.085229665, 0.026128273, 0.063964695), (-0.08485756, 0.026213206, 0.06359259), (-0.085229665, 0.02698411, 0.064376846), (-0.08485757, 0.027222078, 0.06407844), (-0.085229665, 0.027576366, 0.06511951), (-0.08485757, 0.02792024, 0.06495391), (-0.085229665, 0.02778774, 0.0660456), (-0.08485757, 0.028169414, 0.0660456), (-0.085229665, 0.027576366, 0.06697169), (-0.08485757, 0.02792024, 0.06713729), (-0.085229665, 0.02698411, 0.06771435), (-0.08485757, 0.027222078, 0.06801276), (-0.085229665, 0.026128273, 0.0681265), (-0.08485757, 0.026213206, 0.068498604), (-0.085229665, 0.025178371, 0.0681265), (-0.08485757, 0.025093438, 0.068498604), (-0.085229665, 0.024322536, 0.06771435), (-0.08485757, 0.024084566, 0.06801276), (-0.085229665, 0.02373028, 0.06697169), (-0.08485757, 0.023386406, 0.06713729), (0.08485719, 0.023386406, 0.06713729), (0.08397923, 0.023386406, 0.06713729), (0.08397923, 0.023137232, 0.0660456), (0.08485719, 0.023137232, 0.0660456), (0.08485719, 0.024084566, 0.06407844), (0.08397923, 0.024084566, 0.06407844), (0.08397923, 0.025093438, 0.06359259), (0.08485719, 0.025093438, 0.06359259), (0.08485719, 0.025093438, 0.06359259), (0.08397923, 0.025093438, 0.06359259), (0.08397923, 0.026213206, 0.06359259), (0.08485719, 0.026213206, 0.06359259), (0.08397923, 0.027222078, 0.06407844), (0.08485719, 0.027222078, 0.06407844), (0.08397923, 0.02792024, 0.06495391), (0.08485719, 0.02792024, 0.06495391), (0.08397923, 0.028169414, 0.0660456), (0.08485719, 0.028169414, 0.0660456), (0.08397923, 0.02792024, 0.06713729), (0.08485719, 0.02792024, 0.06713729), (0.08397923, 0.027222078, 0.06801276), (0.08485719, 0.027222078, 0.06801276), (0.08397923, 0.026213206, 0.068498604), (0.08485719, 0.026213206, 0.068498604), (0.08397923, 0.025093438, 0.068498604), (0.08485719, 0.025093438, 0.068498604), (0.08397923, 0.024084566, 0.06801276), (0.08485719, 0.024084566, 0.06801276), (0.08485719, 0.023386406, 0.06495391), (0.08397923, 0.023386406, 0.06495391), (0.08485719, 0.023137232, 0.0660456), (0.08485719, 0.023386406, 0.06495391), (0.08522929, 0.02373028, 0.06511951), (0.08522929, 0.023518907, 0.0660456), (0.08485719, 0.024084566, 0.06407844), (0.08522929, 0.024322536, 0.064376846), (0.08485719, 0.025093438, 0.06359259), (0.08522929, 0.025178371, 0.063964695), (0.08485719, 0.025093438, 0.06359259), (0.08485719, 0.026213206, 0.06359259), (0.08522929, 0.026128273, 0.063964695), (0.08522929, 0.025178371, 0.063964695), (0.08485719, 0.027222078, 0.06407844), (0.08522929, 0.02698411, 0.064376846), (0.08485719, 0.02792024, 0.06495391), (0.08522929, 0.027576366, 0.06511951), (0.08485719, 0.028169414, 0.0660456), (0.08522929, 0.02778774, 0.0660456), (0.08485719, 0.02792024, 0.06713729), (0.08522929, 0.027576366, 0.06697169), (0.08485719, 0.027222078, 0.06801276), (0.08522929, 0.02698411, 0.06771435), (0.08485719, 0.026213206, 0.068498604), (0.08522929, 0.026128273, 0.0681265), (0.08485719, 0.025093438, 0.068498604), (0.08522929, 0.025178371, 0.0681265), (0.08485719, 0.024084566, 0.06801276), (0.08522929, 0.024322536, 0.06771435), (0.08485719, 0.023386406, 0.06713729), (0.08522929, 0.02373028, 0.06697169), (-0.08485757, -0.023386423, 0.029001703), (-0.08397959, -0.023386423, 0.029001703), (-0.08397959, -0.02313725, 0.027910013), (-0.08485757, -0.02313725, 0.027910013), (-0.08485757, -0.024084585, 0.025942855), (-0.08397959, -0.024084585, 0.025942855), (-0.08397959, -0.025093459, 0.025457006), (-0.08485756, -0.025093459, 0.025457006), (-0.08485756, -0.025093459, 0.025457006), (-0.08397959, -0.025093459, 0.025457006), (-0.08397959, -0.026213223, 0.025457006), (-0.08485756, -0.026213223, 0.025457006), (-0.08397959, -0.027222097, 0.025942855), (-0.08485757, -0.027222097, 0.025942855), (-0.08397959, -0.02792026, 0.02681832), (-0.08485757, -0.02792026, 0.02681832), (-0.08397959, -0.02816943, 0.027910013), (-0.08485757, -0.02816943, 0.027910013), (-0.08397959, -0.02792026, 0.029001703), (-0.08485757, -0.02792026, 0.029001703), (-0.08397959, -0.027222097, 0.029877169), (-0.08485757, -0.027222097, 0.029877169), (-0.08397959, -0.026213223, 0.030363018), (-0.08485757, -0.026213223, 0.030363018), (-0.08397959, -0.025093459, 0.030363018), (-0.08485757, -0.025093459, 0.030363018), (-0.08397959, -0.024084585, 0.029877169), (-0.08485757, -0.024084585, 0.029877169), (-0.08485757, -0.023386423, 0.02681832), (-0.08397959, -0.023386423, 0.02681832), (-0.08485757, -0.02313725, 0.027910013), (-0.08485757, -0.023386423, 0.02681832), (-0.085229665, -0.023730299, 0.026983924), (-0.085229665, -0.023518926, 0.027910013), (-0.08485757, -0.024084585, 0.025942855), (-0.085229665, -0.024322554, 0.02624126), (-0.08485756, -0.025093459, 0.025457006), (-0.085229665, -0.025178388, 0.02582911), (-0.08485756, -0.025093459, 0.025457006), (-0.08485756, -0.026213223, 0.025457006), (-0.085229665, -0.026128294, 0.02582911), (-0.085229665, -0.025178388, 0.02582911), (-0.08485757, -0.027222097, 0.025942855), (-0.085229665, -0.026984127, 0.02624126), (-0.08485757, -0.02792026, 0.02681832), (-0.085229665, -0.027576383, 0.026983924), (-0.08485757, -0.02816943, 0.027910013), (-0.085229665, -0.027787756, 0.027910013), (-0.08485757, -0.02792026, 0.029001703), (-0.085229665, -0.027576383, 0.0288361), (-0.08485757, -0.027222097, 0.029877169), (-0.085229665, -0.026984127, 0.029578764), (-0.08485757, -0.026213223, 0.030363018), (-0.085229665, -0.026128292, 0.029990913), (-0.08485757, -0.025093459, 0.030363018), (-0.085229665, -0.02517839, 0.029990913), (-0.08485757, -0.024084585, 0.029877169), (-0.085229665, -0.024322554, 0.029578764), (-0.08485757, -0.023386423, 0.029001703), (-0.085229665, -0.023730299, 0.0288361), (0.08485719, -0.023386423, 0.029001703), (0.08485719, -0.02313725, 0.027910013), (0.08397923, -0.02313725, 0.027910013), (0.08397923, -0.023386423, 0.029001703), (0.08485719, -0.024084585, 0.025942855), (0.08485719, -0.025093459, 0.025457006), (0.08397923, -0.025093459, 0.025457006), (0.08397923, -0.024084585, 0.025942855), (0.08485719, -0.025093459, 0.025457006), (0.08485719, -0.026213223, 0.025457006), (0.08397923, -0.026213223, 0.025457006), (0.08397923, -0.025093459, 0.025457006), (0.08485719, -0.027222097, 0.025942855), (0.08397923, -0.027222097, 0.025942855), (0.08485719, -0.02792026, 0.02681832), (0.08397923, -0.02792026, 0.02681832), (0.08485719, -0.02816943, 0.027910013), (0.08397923, -0.02816943, 0.027910013), (0.08485719, -0.02792026, 0.029001703), (0.08397923, -0.02792026, 0.029001703), (0.08485719, -0.027222097, 0.029877169), (0.08397923, -0.027222097, 0.029877169), (0.08485719, -0.026213223, 0.030363018), (0.08397923, -0.026213223, 0.030363018), (0.08485719, -0.025093459, 0.030363018), (0.08397923, -0.025093459, 0.030363018), (0.08485719, -0.024084585, 0.029877169), (0.08397923, -0.024084585, 0.029877169), (0.08485719, -0.023386423, 0.02681832), (0.08397923, -0.023386423, 0.02681832), (0.08485719, -0.02313725, 0.027910013), (0.08522929, -0.023518926, 0.027910013), (0.08522929, -0.023730299, 0.026983924), (0.08485719, -0.023386423, 0.02681832), (0.08522929, -0.024322554, 0.02624126), (0.08485719, -0.024084585, 0.025942855), (0.08522929, -0.025178388, 0.02582911), (0.08485719, -0.025093459, 0.025457006), (0.08485719, -0.025093459, 0.025457006), (0.08522929, -0.025178388, 0.02582911), (0.08522929, -0.026128294, 0.02582911), (0.08485719, -0.026213223, 0.025457006), (0.08522929, -0.026984127, 0.02624126), (0.08485719, -0.027222097, 0.025942855), (0.08522929, -0.027576383, 0.026983924), (0.08485719, -0.02792026, 0.02681832), (0.08522929, -0.027787756, 0.027910013), (0.08485719, -0.02816943, 0.027910013), (0.08522929, -0.027576383, 0.0288361), (0.08485719, -0.02792026, 0.029001703), (0.08522929, -0.026984127, 0.029578764), (0.08485719, -0.027222097, 0.029877169), (0.08522929, -0.026128292, 0.029990913), (0.08485719, -0.026213223, 0.030363018), (0.08522929, -0.02517839, 0.029990913), (0.08485719, -0.025093459, 0.030363018), (0.08522929, -0.024322554, 0.029578764), (0.08485719, -0.024084585, 0.029877169), (0.08522929, -0.023730299, 0.0288361), (0.08485719, -0.023386423, 0.029001703), (-0.08485757, 0.023386406, 0.029001703), (-0.08485757, 0.023137232, 0.027910013), (-0.08397959, 0.023137232, 0.027910013), (-0.08397959, 0.023386406, 0.029001703), (-0.08485757, 0.024084566, 0.025942855), (-0.08485756, 0.025093438, 0.025457006), (-0.08397959, 0.025093438, 0.025457006), (-0.08397959, 0.024084566, 0.025942855), (-0.08485756, 0.025093438, 0.025457006), (-0.08485756, 0.026213206, 0.025457006), (-0.08397959, 0.026213206, 0.025457006), (-0.08397959, 0.025093438, 0.025457006), (-0.08485757, 0.027222078, 0.025942855), (-0.08397959, 0.027222078, 0.025942855), (-0.08485757, 0.02792024, 0.02681832), (-0.08397959, 0.02792024, 0.02681832), (-0.08485757, 0.028169414, 0.027910013), (-0.08397959, 0.028169414, 0.027910013), (-0.08485757, 0.02792024, 0.029001703), (-0.08397959, 0.02792024, 0.029001703), (-0.08485757, 0.027222078, 0.029877169), (-0.08397959, 0.027222078, 0.029877169), (-0.08485757, 0.026213206, 0.030363018), (-0.08397959, 0.026213206, 0.030363018), (-0.08485757, 0.025093438, 0.030363018), (-0.08397959, 0.025093438, 0.030363018), (-0.08485757, 0.024084566, 0.029877169), (-0.08397959, 0.024084566, 0.029877169), (-0.08485757, 0.023386406, 0.02681832), (-0.08397959, 0.023386406, 0.02681832), (-0.08485757, 0.023137232, 0.027910013), (-0.085229665, 0.023518907, 0.027910013), (-0.085229665, 0.02373028, 0.026983924), (-0.08485757, 0.023386406, 0.02681832), (-0.085229665, 0.024322536, 0.02624126), (-0.08485757, 0.024084566, 0.025942855), (-0.085229665, 0.025178371, 0.02582911), (-0.08485756, 0.025093438, 0.025457006), (-0.08485756, 0.025093438, 0.025457006), (-0.085229665, 0.025178371, 0.02582911), (-0.085229665, 0.026128273, 0.02582911), (-0.08485756, 0.026213206, 0.025457006), (-0.085229665, 0.02698411, 0.02624126), (-0.08485757, 0.027222078, 0.025942855), (-0.085229665, 0.027576366, 0.026983924), (-0.08485757, 0.02792024, 0.02681832), (-0.085229665, 0.02778774, 0.027910013), (-0.08485757, 0.028169414, 0.027910013), (-0.085229665, 0.027576366, 0.0288361), (-0.08485757, 0.02792024, 0.029001703), (-0.085229665, 0.02698411, 0.029578764), (-0.08485757, 0.027222078, 0.029877169), (-0.085229665, 0.026128273, 0.029990913), (-0.08485757, 0.026213206, 0.030363018), (-0.085229665, 0.025178371, 0.029990913), (-0.08485757, 0.025093438, 0.030363018), (-0.085229665, 0.024322536, 0.029578764), (-0.08485757, 0.024084566, 0.029877169), (-0.085229665, 0.02373028, 0.0288361), (-0.08485757, 0.023386406, 0.029001703), (0.08485719, 0.023386406, 0.029001703), (0.08397923, 0.023386406, 0.029001703), (0.08397923, 0.023137232, 0.027910013), (0.08485719, 0.023137232, 0.027910013), (0.08485719, 0.024084566, 0.025942855), (0.08397923, 0.024084566, 0.025942855), (0.08397923, 0.025093438, 0.025457006), (0.08485719, 0.025093438, 0.025457006), (0.08485719, 0.025093438, 0.025457006), (0.08397923, 0.025093438, 0.025457006), (0.08397923, 0.026213206, 0.025457006), (0.08485719, 0.026213206, 0.025457006), (0.08397923, 0.027222078, 0.025942855), (0.08485719, 0.027222078, 0.025942855), (0.08397923, 0.02792024, 0.02681832), (0.08485719, 0.02792024, 0.02681832), (0.08397923, 0.028169414, 0.027910013), (0.08485719, 0.028169414, 0.027910013), (0.08397923, 0.02792024, 0.029001703), (0.08485719, 0.02792024, 0.029001703), (0.08397923, 0.027222078, 0.029877169), (0.08485719, 0.027222078, 0.029877169), (0.08397923, 0.026213206, 0.030363018), (0.08485719, 0.026213206, 0.030363018), (0.08397923, 0.025093438, 0.030363018), (0.08485719, 0.025093438, 0.030363018), (0.08397923, 0.024084566, 0.029877169), (0.08485719, 0.024084566, 0.029877169), (0.08485719, 0.023386406, 0.02681832), (0.08397923, 0.023386406, 0.02681832), (0.08485719, 0.023137232, 0.027910013), (0.08485719, 0.023386406, 0.02681832), (0.08522929, 0.02373028, 0.026983924), (0.08522929, 0.023518907, 0.027910013), (0.08485719, 0.024084566, 0.025942855), (0.08522929, 0.024322536, 0.02624126), (0.08485719, 0.025093438, 0.025457006), (0.08522929, 0.025178371, 0.02582911), (0.08485719, 0.025093438, 0.025457006), (0.08485719, 0.026213206, 0.025457006), (0.08522929, 0.026128273, 0.02582911), (0.08522929, 0.025178371, 0.02582911), (0.08485719, 0.027222078, 0.025942855), (0.08522929, 0.02698411, 0.02624126), (0.08485719, 0.02792024, 0.02681832), (0.08522929, 0.027576366, 0.026983924), (0.08485719, 0.028169414, 0.027910013), (0.08522929, 0.02778774, 0.027910013), (0.08485719, 0.02792024, 0.029001703), (0.08522929, 0.027576366, 0.0288361), (0.08485719, 0.027222078, 0.029877169), (0.08522929, 0.02698411, 0.029578764), (0.08485719, 0.026213206, 0.030363018), (0.08522929, 0.026128273, 0.029990913), (0.08485719, 0.025093438, 0.030363018), (0.08522929, 0.025178371, 0.029990913), (0.08485719, 0.024084566, 0.029877169), (0.08522929, 0.024322536, 0.029578764), (0.08485719, 0.023386406, 0.029001703), (0.08522929, 0.02373028, 0.0288361), (-0.085229665, -0.023518926, 0.0660456), (-0.085229665, -0.023730299, 0.06511951), (-0.085229665, -0.024322554, 0.064376846), (-0.085229665, -0.025178388, 0.063964695), (-0.085229665, -0.026128294, 0.063964695), (-0.085229665, -0.026984127, 0.064376846), (-0.085229665, -0.027576383, 0.06511951), (-0.085229665, -0.027787756, 0.0660456), (-0.085229665, -0.027576383, 0.06697169), (-0.085229665, -0.026984127, 0.06771435), (-0.085229665, -0.026128292, 0.0681265), (-0.085229665, -0.02517839, 0.0681265), (-0.085229665, -0.024322554, 0.06771435), (-0.085229665, -0.023730299, 0.06697169), (0.08522929, -0.023518926, 0.0660456), (0.08522929, -0.023730299, 0.06697169), (0.08522929, -0.024322554, 0.06771435), (0.08522929, -0.02517839, 0.0681265), (0.08522929, -0.026128292, 0.0681265), (0.08522929, -0.026984127, 0.06771435), (0.08522929, -0.027576383, 0.06697169), (0.08522929, -0.027787756, 0.0660456), (0.08522929, -0.027576383, 0.06511951), (0.08522929, -0.026984127, 0.064376846), (0.08522929, -0.026128294, 0.063964695), (0.08522929, -0.025178388, 0.063964695), (0.08522929, -0.024322554, 0.064376846), (0.08522929, -0.023730299, 0.06511951), (-0.085229665, 0.023518907, 0.0660456), (-0.085229665, 0.02373028, 0.06697169), (-0.085229665, 0.024322536, 0.06771435), (-0.085229665, 0.025178371, 0.0681265), (-0.085229665, 0.026128273, 0.0681265), (-0.085229665, 0.02698411, 0.06771435), (-0.085229665, 0.027576366, 0.06697169), (-0.085229665, 0.02778774, 0.0660456), (-0.085229665, 0.027576366, 0.06511951), (-0.085229665, 0.02698411, 0.064376846), (-0.085229665, 0.026128273, 0.063964695), (-0.085229665, 0.025178371, 0.063964695), (-0.085229665, 0.024322536, 0.064376846), (-0.085229665, 0.02373028, 0.06511951), (0.08522929, 0.023518907, 0.0660456), (0.08522929, 0.02373028, 0.06511951), (0.08522929, 0.024322536, 0.064376846), (0.08522929, 0.025178371, 0.063964695), (0.08522929, 0.026128273, 0.063964695), (0.08522929, 0.02698411, 0.064376846), (0.08522929, 0.027576366, 0.06511951), (0.08522929, 0.02778774, 0.0660456), (0.08522929, 0.027576366, 0.06697169), (0.08522929, 0.02698411, 0.06771435), (0.08522929, 0.026128273, 0.0681265), (0.08522929, 0.025178371, 0.0681265), (0.08522929, 0.024322536, 0.06771435), (0.08522929, 0.02373028, 0.06697169), (-0.085229665, -0.023518926, 0.027910013), (-0.085229665, -0.023730299, 0.026983924), (-0.085229665, -0.024322554, 0.02624126), (-0.085229665, -0.025178388, 0.02582911), (-0.085229665, -0.026128294, 0.02582911), (-0.085229665, -0.026984127, 0.02624126), (-0.085229665, -0.027576383, 0.026983924), (-0.085229665, -0.027787756, 0.027910013), (-0.085229665, -0.027576383, 0.0288361), (-0.085229665, -0.026984127, 0.029578764), (-0.085229665, -0.026128292, 0.029990913), (-0.085229665, -0.02517839, 0.029990913), (-0.085229665, -0.024322554, 0.029578764), (-0.085229665, -0.023730299, 0.0288361), (0.08522929, -0.023518926, 0.027910013), (0.08522929, -0.023730299, 0.0288361), (0.08522929, -0.024322554, 0.029578764), (0.08522929, -0.02517839, 0.029990913), (0.08522929, -0.026128292, 0.029990913), (0.08522929, -0.026984127, 0.029578764), (0.08522929, -0.027576383, 0.0288361), (0.08522929, -0.027787756, 0.027910013), (0.08522929, -0.027576383, 0.026983924), (0.08522929, -0.026984127, 0.02624126), (0.08522929, -0.026128294, 0.02582911), (0.08522929, -0.025178388, 0.02582911), (0.08522929, -0.024322554, 0.02624126), (0.08522929, -0.023730299, 0.026983924), (-0.085229665, 0.023518907, 0.027910013), (-0.085229665, 0.02373028, 0.0288361), (-0.085229665, 0.024322536, 0.029578764), (-0.085229665, 0.025178371, 0.029990913), (-0.085229665, 0.026128273, 0.029990913), (-0.085229665, 0.02698411, 0.029578764), (-0.085229665, 0.027576366, 0.0288361), (-0.085229665, 0.02778774, 0.027910013), (-0.085229665, 0.027576366, 0.026983924), (-0.085229665, 0.02698411, 0.02624126), (-0.085229665, 0.026128273, 0.02582911), (-0.085229665, 0.025178371, 0.02582911), (-0.085229665, 0.024322536, 0.02624126), (-0.085229665, 0.02373028, 0.026983924), (0.08522929, 0.023518907, 0.027910013), (0.08522929, 0.02373028, 0.026983924), (0.08522929, 0.024322536, 0.02624126), (0.08522929, 0.025178371, 0.02582911), (0.08522929, 0.026128273, 0.02582911), (0.08522929, 0.02698411, 0.02624126), (0.08522929, 0.027576366, 0.026983924), (0.08522929, 0.02778774, 0.027910013), (0.08522929, 0.027576366, 0.0288361), (0.08522929, 0.02698411, 0.029578764), (0.08522929, 0.026128273, 0.029990913), (0.08522929, 0.025178371, 0.029990913), (0.08522929, 0.024322536, 0.029578764), (0.08522929, 0.02373028, 0.0288361)]
        uniform token subdivisionScheme = "none"
    }
}

